-- phpMyAdmin SQL Dump
-- version 5.2.1
-- https://www.phpmyadmin.net/
--
-- Servidor: 127.0.0.1
-- Tiempo de generación: 15-12-2025 a las 06:35:06
-- Versión del servidor: 10.4.32-MariaDB
-- Versión de PHP: 8.2.12

SET SQL_MODE = "NO_AUTO_VALUE_ON_ZERO";
START TRANSACTION;
SET time_zone = "+00:00";


/*!40101 SET @OLD_CHARACTER_SET_CLIENT=@@CHARACTER_SET_CLIENT */;
/*!40101 SET @OLD_CHARACTER_SET_RESULTS=@@CHARACTER_SET_RESULTS */;
/*!40101 SET @OLD_COLLATION_CONNECTION=@@COLLATION_CONNECTION */;
/*!40101 SET NAMES utf8mb4 */;

--
-- Base de datos: `cinebd`
--

-- --------------------------------------------------------

--
-- Estructura de tabla para la tabla `asientos`
--

CREATE TABLE `asientos` (
  `id_asiento` int(11) NOT NULL,
  `id_sala` int(11) NOT NULL,
  `fila` enum('A','B','C','D','E','F','G','H','I') NOT NULL,
  `numero` int(2) NOT NULL,
  `tipo_asiento` enum('Normal','Discapacitado') DEFAULT 'Normal'
) ENGINE=InnoDB DEFAULT CHARSET=utf8mb4 COLLATE=utf8mb4_general_ci;

--
-- Volcado de datos para la tabla `asientos`
--

INSERT INTO `asientos` (`id_asiento`, `id_sala`, `fila`, `numero`, `tipo_asiento`) VALUES
(1, 1, 'A', 1, 'Discapacitado'),
(2, 1, 'A', 2, 'Normal'),
(3, 1, 'A', 3, 'Normal'),
(4, 1, 'A', 4, 'Normal'),
(5, 1, 'A', 5, 'Normal'),
(6, 1, 'A', 6, 'Normal'),
(7, 1, 'A', 7, 'Normal'),
(8, 1, 'A', 8, 'Discapacitado'),
(9, 1, 'B', 1, 'Normal'),
(10, 1, 'B', 2, 'Normal'),
(11, 1, 'B', 3, 'Normal'),
(12, 1, 'B', 4, 'Normal'),
(13, 1, 'B', 5, 'Normal'),
(14, 1, 'B', 6, 'Normal'),
(15, 1, 'B', 7, 'Normal'),
(16, 1, 'B', 8, 'Normal'),
(17, 1, 'C', 1, 'Normal'),
(18, 1, 'C', 2, 'Normal'),
(19, 1, 'C', 3, 'Normal'),
(20, 1, 'C', 4, 'Normal'),
(21, 1, 'C', 5, 'Normal'),
(22, 1, 'C', 6, 'Normal'),
(23, 1, 'C', 7, 'Normal'),
(24, 1, 'C', 8, 'Normal'),
(25, 1, 'D', 1, 'Normal'),
(26, 1, 'D', 2, 'Normal'),
(27, 1, 'D', 3, 'Normal'),
(28, 1, 'D', 4, 'Normal'),
(29, 1, 'D', 5, 'Normal'),
(30, 1, 'D', 6, 'Normal'),
(31, 1, 'D', 7, 'Normal'),
(32, 1, 'D', 8, 'Normal'),
(33, 1, 'E', 1, 'Normal'),
(34, 1, 'E', 2, 'Normal'),
(35, 1, 'E', 3, 'Normal'),
(36, 1, 'E', 4, 'Normal'),
(37, 1, 'E', 5, 'Normal'),
(38, 1, 'E', 6, 'Normal'),
(39, 1, 'E', 7, 'Normal'),
(40, 1, 'E', 8, 'Normal'),
(72, 2, 'A', 1, 'Normal'),
(73, 2, 'B', 1, 'Normal'),
(74, 2, 'C', 1, 'Normal'),
(75, 2, 'D', 1, 'Normal'),
(76, 2, 'E', 1, 'Normal'),
(77, 2, 'F', 1, 'Normal'),
(78, 2, 'A', 2, 'Normal'),
(79, 2, 'B', 2, 'Normal'),
(80, 2, 'C', 2, 'Normal'),
(81, 2, 'D', 2, 'Normal'),
(82, 2, 'E', 2, 'Normal'),
(83, 2, 'F', 2, 'Normal'),
(84, 2, 'A', 3, 'Normal'),
(85, 2, 'B', 3, 'Normal'),
(86, 2, 'C', 3, 'Normal'),
(87, 2, 'D', 3, 'Normal'),
(88, 2, 'E', 3, 'Normal'),
(89, 2, 'F', 3, 'Normal'),
(90, 2, 'A', 4, 'Normal'),
(91, 2, 'B', 4, 'Normal'),
(92, 2, 'C', 4, 'Normal'),
(93, 2, 'D', 4, 'Normal'),
(94, 2, 'E', 4, 'Normal'),
(95, 2, 'F', 4, 'Normal'),
(96, 2, 'A', 5, 'Normal'),
(97, 2, 'B', 5, 'Normal'),
(98, 2, 'C', 5, 'Normal'),
(99, 2, 'D', 5, 'Normal'),
(100, 2, 'E', 5, 'Normal'),
(101, 2, 'F', 5, 'Normal'),
(102, 2, 'A', 6, 'Normal'),
(103, 2, 'B', 6, 'Normal'),
(104, 2, 'C', 6, 'Normal'),
(105, 2, 'D', 6, 'Normal'),
(106, 2, 'E', 6, 'Normal'),
(107, 2, 'F', 6, 'Normal'),
(135, 3, 'A', 1, 'Discapacitado'),
(136, 3, 'A', 2, 'Normal'),
(137, 3, 'A', 3, 'Normal'),
(138, 3, 'A', 4, 'Normal'),
(139, 3, 'A', 5, 'Normal'),
(140, 3, 'A', 6, 'Normal'),
(141, 3, 'A', 7, 'Normal'),
(142, 3, 'B', 1, 'Normal'),
(143, 3, 'C', 1, 'Normal'),
(144, 3, 'D', 1, 'Normal'),
(145, 3, 'E', 1, 'Normal'),
(146, 3, 'F', 1, 'Normal'),
(147, 3, 'B', 2, 'Normal'),
(148, 3, 'C', 2, 'Normal'),
(149, 3, 'D', 2, 'Normal'),
(150, 3, 'E', 2, 'Normal'),
(151, 3, 'F', 2, 'Normal'),
(152, 3, 'B', 3, 'Normal'),
(153, 3, 'C', 3, 'Normal'),
(154, 3, 'D', 3, 'Normal'),
(155, 3, 'E', 3, 'Normal'),
(156, 3, 'F', 3, 'Normal'),
(157, 3, 'B', 4, 'Normal'),
(158, 3, 'C', 4, 'Normal'),
(159, 3, 'D', 4, 'Normal'),
(160, 3, 'E', 4, 'Normal'),
(161, 3, 'F', 4, 'Normal'),
(162, 3, 'B', 5, 'Normal'),
(163, 3, 'C', 5, 'Normal'),
(164, 3, 'D', 5, 'Normal'),
(165, 3, 'E', 5, 'Normal'),
(166, 3, 'F', 5, 'Normal'),
(167, 3, 'B', 6, 'Normal'),
(168, 3, 'C', 6, 'Normal'),
(169, 3, 'D', 6, 'Normal'),
(170, 3, 'E', 6, 'Normal'),
(171, 3, 'F', 6, 'Normal'),
(172, 3, 'B', 7, 'Normal'),
(173, 3, 'C', 7, 'Normal'),
(174, 3, 'D', 7, 'Normal'),
(175, 3, 'E', 7, 'Normal'),
(176, 3, 'F', 7, 'Normal'),
(199, 4, 'A', 1, 'Normal'),
(200, 4, 'B', 1, 'Normal'),
(201, 4, 'C', 1, 'Normal'),
(202, 4, 'D', 1, 'Normal'),
(203, 4, 'E', 1, 'Normal'),
(204, 4, 'A', 2, 'Normal'),
(205, 4, 'B', 2, 'Normal'),
(206, 4, 'C', 2, 'Normal'),
(207, 4, 'D', 2, 'Normal'),
(208, 4, 'E', 2, 'Normal'),
(209, 4, 'A', 3, 'Normal'),
(210, 4, 'B', 3, 'Normal'),
(211, 4, 'C', 3, 'Normal'),
(212, 4, 'D', 3, 'Normal'),
(213, 4, 'E', 3, 'Normal'),
(214, 4, 'A', 4, 'Normal'),
(215, 4, 'B', 4, 'Normal'),
(216, 4, 'C', 4, 'Normal'),
(217, 4, 'D', 4, 'Normal'),
(218, 4, 'E', 4, 'Normal'),
(219, 4, 'A', 5, 'Normal'),
(220, 4, 'B', 5, 'Normal'),
(221, 4, 'C', 5, 'Normal'),
(222, 4, 'D', 5, 'Normal'),
(223, 4, 'E', 5, 'Normal'),
(224, 4, 'A', 6, 'Normal'),
(225, 4, 'B', 6, 'Normal'),
(226, 4, 'C', 6, 'Normal'),
(227, 4, 'D', 6, 'Normal'),
(228, 4, 'E', 6, 'Normal'),
(229, 4, 'A', 7, 'Normal'),
(230, 4, 'B', 7, 'Normal'),
(231, 4, 'C', 7, 'Normal'),
(232, 4, 'D', 7, 'Normal'),
(233, 4, 'E', 7, 'Normal'),
(234, 4, 'A', 8, 'Normal'),
(235, 4, 'B', 8, 'Normal'),
(236, 4, 'C', 8, 'Normal'),
(237, 4, 'D', 8, 'Normal'),
(238, 4, 'E', 8, 'Normal'),
(239, 4, 'A', 9, 'Normal'),
(240, 4, 'B', 9, 'Normal'),
(241, 4, 'C', 9, 'Normal'),
(242, 4, 'D', 9, 'Normal'),
(243, 4, 'E', 9, 'Normal'),
(262, 5, 'A', 1, 'Discapacitado'),
(263, 5, 'A', 6, 'Discapacitado'),
(264, 5, 'A', 2, 'Normal'),
(265, 5, 'A', 3, 'Normal'),
(266, 5, 'A', 4, 'Normal'),
(267, 5, 'A', 5, 'Normal'),
(268, 5, 'B', 1, 'Normal'),
(269, 5, 'C', 1, 'Normal'),
(270, 5, 'D', 1, 'Normal'),
(271, 5, 'E', 1, 'Normal'),
(272, 5, 'B', 2, 'Normal'),
(273, 5, 'C', 2, 'Normal'),
(274, 5, 'D', 2, 'Normal'),
(275, 5, 'E', 2, 'Normal'),
(276, 5, 'B', 3, 'Normal'),
(277, 5, 'C', 3, 'Normal'),
(278, 5, 'D', 3, 'Normal'),
(279, 5, 'E', 3, 'Normal'),
(280, 5, 'B', 4, 'Normal'),
(281, 5, 'C', 4, 'Normal'),
(282, 5, 'D', 4, 'Normal'),
(283, 5, 'E', 4, 'Normal'),
(284, 5, 'B', 5, 'Normal'),
(285, 5, 'C', 5, 'Normal'),
(286, 5, 'D', 5, 'Normal'),
(287, 5, 'E', 5, 'Normal'),
(288, 5, 'B', 6, 'Normal'),
(289, 5, 'C', 6, 'Normal'),
(290, 5, 'D', 6, 'Normal'),
(291, 5, 'E', 6, 'Normal'),
(295, 6, 'A', 1, 'Normal'),
(296, 6, 'B', 1, 'Normal'),
(297, 6, 'C', 1, 'Normal'),
(298, 6, 'A', 2, 'Normal'),
(299, 6, 'B', 2, 'Normal'),
(300, 6, 'C', 2, 'Normal'),
(301, 6, 'A', 3, 'Normal'),
(302, 6, 'B', 3, 'Normal'),
(303, 6, 'C', 3, 'Normal'),
(304, 6, 'A', 4, 'Normal'),
(305, 6, 'B', 4, 'Normal'),
(306, 6, 'C', 4, 'Normal'),
(307, 6, 'A', 5, 'Normal'),
(308, 6, 'B', 5, 'Normal'),
(309, 6, 'C', 5, 'Normal'),
(310, 6, 'A', 6, 'Normal'),
(311, 6, 'B', 6, 'Normal'),
(312, 6, 'C', 6, 'Normal'),
(313, 6, 'A', 7, 'Normal'),
(314, 6, 'B', 7, 'Normal'),
(315, 6, 'C', 7, 'Normal'),
(316, 6, 'A', 8, 'Normal'),
(317, 6, 'B', 8, 'Normal'),
(318, 6, 'C', 8, 'Normal'),
(319, 6, 'D', 1, 'Normal'),
(320, 6, 'E', 1, 'Normal'),
(321, 6, 'F', 1, 'Normal'),
(322, 6, 'D', 2, 'Normal'),
(323, 6, 'E', 2, 'Normal'),
(324, 6, 'F', 2, 'Normal'),
(325, 6, 'D', 3, 'Normal'),
(326, 6, 'E', 3, 'Normal'),
(327, 6, 'F', 3, 'Normal'),
(328, 6, 'D', 4, 'Normal'),
(329, 6, 'E', 4, 'Normal'),
(330, 6, 'F', 4, 'Normal'),
(331, 6, 'D', 5, 'Normal'),
(332, 6, 'E', 5, 'Normal'),
(333, 6, 'F', 5, 'Normal'),
(334, 6, 'D', 6, 'Normal'),
(335, 6, 'E', 6, 'Normal'),
(336, 6, 'F', 6, 'Normal'),
(337, 6, 'D', 7, 'Normal'),
(338, 6, 'E', 7, 'Normal'),
(339, 6, 'F', 7, 'Normal'),
(340, 6, 'D', 8, 'Normal'),
(341, 6, 'E', 8, 'Normal'),
(358, 7, 'A', 1, 'Discapacitado'),
(359, 7, 'A', 2, 'Normal'),
(360, 7, 'A', 3, 'Normal'),
(361, 7, 'A', 4, 'Normal'),
(362, 7, 'A', 5, 'Normal'),
(363, 7, 'A', 6, 'Normal'),
(364, 7, 'A', 7, 'Normal'),
(365, 7, 'A', 8, 'Normal'),
(366, 7, 'A', 9, 'Normal'),
(367, 7, 'B', 1, 'Normal'),
(368, 7, 'C', 1, 'Normal'),
(369, 7, 'D', 1, 'Normal'),
(370, 7, 'E', 1, 'Normal'),
(371, 7, 'B', 2, 'Normal'),
(372, 7, 'C', 2, 'Normal'),
(373, 7, 'D', 2, 'Normal'),
(374, 7, 'E', 2, 'Normal'),
(375, 7, 'B', 3, 'Normal'),
(376, 7, 'C', 3, 'Normal'),
(377, 7, 'D', 3, 'Normal'),
(378, 7, 'E', 3, 'Normal'),
(379, 7, 'B', 4, 'Normal'),
(380, 7, 'C', 4, 'Normal'),
(381, 7, 'D', 4, 'Normal'),
(382, 7, 'E', 4, 'Normal'),
(383, 7, 'B', 5, 'Normal'),
(384, 7, 'C', 5, 'Normal'),
(385, 7, 'D', 5, 'Normal'),
(386, 7, 'E', 5, 'Normal'),
(387, 7, 'B', 6, 'Normal'),
(388, 7, 'C', 6, 'Normal'),
(389, 7, 'D', 6, 'Normal'),
(390, 7, 'E', 6, 'Normal'),
(391, 7, 'B', 7, 'Normal'),
(392, 7, 'C', 7, 'Normal'),
(393, 7, 'D', 7, 'Normal'),
(394, 7, 'E', 7, 'Normal'),
(395, 7, 'B', 8, 'Normal'),
(396, 7, 'C', 8, 'Normal'),
(397, 7, 'D', 8, 'Normal'),
(398, 7, 'E', 8, 'Normal'),
(399, 7, 'B', 9, 'Normal'),
(400, 7, 'C', 9, 'Normal'),
(401, 7, 'D', 9, 'Normal'),
(422, 8, 'A', 1, 'Normal'),
(423, 8, 'B', 1, 'Normal'),
(424, 8, 'C', 1, 'Normal'),
(425, 8, 'D', 1, 'Normal'),
(426, 8, 'E', 1, 'Normal'),
(427, 8, 'A', 2, 'Normal'),
(428, 8, 'B', 2, 'Normal'),
(429, 8, 'C', 2, 'Normal'),
(430, 8, 'D', 2, 'Normal'),
(431, 8, 'E', 2, 'Normal'),
(432, 8, 'A', 3, 'Normal'),
(433, 8, 'B', 3, 'Normal'),
(434, 8, 'C', 3, 'Normal'),
(435, 8, 'D', 3, 'Normal'),
(436, 8, 'E', 3, 'Normal'),
(437, 8, 'A', 4, 'Normal'),
(438, 8, 'B', 4, 'Normal'),
(439, 8, 'C', 4, 'Normal'),
(440, 8, 'D', 4, 'Normal'),
(441, 8, 'E', 4, 'Normal'),
(442, 8, 'A', 5, 'Normal'),
(443, 8, 'B', 5, 'Normal'),
(444, 8, 'C', 5, 'Normal'),
(445, 8, 'D', 5, 'Normal'),
(446, 8, 'E', 5, 'Normal'),
(447, 8, 'A', 6, 'Normal'),
(448, 8, 'B', 6, 'Normal'),
(449, 8, 'C', 6, 'Normal'),
(450, 8, 'D', 6, 'Normal'),
(451, 8, 'E', 6, 'Normal'),
(452, 8, 'A', 7, 'Normal'),
(453, 8, 'B', 7, 'Normal'),
(454, 8, 'C', 7, 'Normal'),
(455, 8, 'D', 7, 'Normal'),
(456, 8, 'E', 7, 'Normal'),
(457, 8, 'A', 8, 'Normal'),
(458, 8, 'B', 8, 'Normal'),
(459, 8, 'C', 8, 'Normal'),
(460, 8, 'D', 8, 'Normal'),
(461, 8, 'E', 8, 'Normal'),
(485, 9, 'A', 1, 'Normal'),
(486, 9, 'B', 1, 'Normal'),
(487, 9, 'C', 1, 'Normal'),
(488, 9, 'D', 1, 'Normal'),
(489, 9, 'E', 1, 'Normal'),
(490, 9, 'F', 1, 'Normal'),
(491, 9, 'A', 2, 'Normal'),
(492, 9, 'B', 2, 'Normal'),
(493, 9, 'C', 2, 'Normal'),
(494, 9, 'D', 2, 'Normal'),
(495, 9, 'E', 2, 'Normal'),
(496, 9, 'F', 2, 'Normal'),
(497, 9, 'A', 3, 'Normal'),
(498, 9, 'B', 3, 'Normal'),
(499, 9, 'C', 3, 'Normal'),
(500, 9, 'D', 3, 'Normal'),
(501, 9, 'E', 3, 'Normal'),
(502, 9, 'F', 3, 'Normal'),
(503, 9, 'A', 4, 'Normal'),
(504, 9, 'B', 4, 'Normal'),
(505, 9, 'C', 4, 'Normal'),
(506, 9, 'D', 4, 'Normal'),
(507, 9, 'E', 4, 'Normal'),
(508, 9, 'F', 4, 'Normal'),
(509, 9, 'A', 5, 'Normal'),
(510, 9, 'B', 5, 'Normal'),
(511, 9, 'C', 5, 'Normal'),
(512, 9, 'D', 5, 'Normal'),
(513, 9, 'E', 5, 'Normal'),
(514, 9, 'F', 5, 'Normal'),
(515, 9, 'A', 6, 'Normal'),
(516, 9, 'B', 6, 'Normal'),
(517, 9, 'C', 6, 'Normal'),
(518, 9, 'D', 6, 'Normal'),
(519, 9, 'E', 6, 'Normal'),
(520, 9, 'F', 6, 'Normal'),
(521, 9, 'A', 7, 'Normal'),
(522, 9, 'B', 7, 'Normal'),
(523, 9, 'C', 7, 'Normal'),
(548, 10, 'E', 1, 'Discapacitado'),
(549, 10, 'E', 8, 'Discapacitado'),
(550, 10, 'A', 1, 'Normal'),
(551, 10, 'B', 1, 'Normal'),
(552, 10, 'C', 1, 'Normal'),
(553, 10, 'D', 1, 'Normal'),
(554, 10, 'A', 2, 'Normal'),
(555, 10, 'B', 2, 'Normal'),
(556, 10, 'C', 2, 'Normal'),
(557, 10, 'D', 2, 'Normal'),
(558, 10, 'A', 3, 'Normal'),
(559, 10, 'B', 3, 'Normal'),
(560, 10, 'C', 3, 'Normal'),
(561, 10, 'D', 3, 'Normal'),
(562, 10, 'A', 4, 'Normal'),
(563, 10, 'B', 4, 'Normal'),
(564, 10, 'C', 4, 'Normal'),
(565, 10, 'D', 4, 'Normal'),
(566, 10, 'A', 5, 'Normal'),
(567, 10, 'B', 5, 'Normal'),
(568, 10, 'C', 5, 'Normal'),
(569, 10, 'D', 5, 'Normal'),
(570, 10, 'A', 6, 'Normal'),
(571, 10, 'B', 6, 'Normal'),
(572, 10, 'C', 6, 'Normal'),
(573, 10, 'D', 6, 'Normal'),
(574, 10, 'A', 7, 'Normal'),
(575, 10, 'B', 7, 'Normal'),
(576, 10, 'C', 7, 'Normal'),
(577, 10, 'D', 7, 'Normal'),
(578, 10, 'A', 8, 'Normal'),
(579, 10, 'B', 8, 'Normal'),
(580, 10, 'C', 8, 'Normal'),
(581, 10, 'D', 8, 'Normal'),
(582, 10, 'E', 2, 'Normal'),
(583, 10, 'E', 3, 'Normal'),
(584, 10, 'E', 4, 'Normal'),
(585, 10, 'E', 5, 'Normal'),
(586, 10, 'E', 6, 'Normal'),
(587, 10, 'E', 7, 'Normal'),
(613, 11, 'A', 1, 'Normal'),
(614, 11, 'B', 1, 'Normal'),
(615, 11, 'C', 1, 'Normal'),
(616, 11, 'D', 1, 'Normal'),
(617, 11, 'E', 1, 'Normal'),
(618, 11, 'A', 2, 'Normal'),
(619, 11, 'B', 2, 'Normal'),
(620, 11, 'C', 2, 'Normal'),
(621, 11, 'D', 2, 'Normal'),
(622, 11, 'E', 2, 'Normal'),
(623, 11, 'A', 3, 'Normal'),
(624, 11, 'B', 3, 'Normal'),
(625, 11, 'C', 3, 'Normal'),
(626, 11, 'D', 3, 'Normal'),
(627, 11, 'E', 3, 'Normal'),
(628, 11, 'A', 4, 'Normal'),
(629, 11, 'B', 4, 'Normal'),
(630, 11, 'C', 4, 'Normal'),
(631, 11, 'D', 4, 'Normal'),
(632, 11, 'E', 4, 'Normal'),
(633, 11, 'A', 5, 'Normal'),
(634, 11, 'B', 5, 'Normal'),
(635, 11, 'C', 5, 'Normal'),
(636, 11, 'D', 5, 'Normal'),
(637, 11, 'E', 5, 'Normal'),
(638, 11, 'A', 6, 'Normal'),
(639, 11, 'B', 6, 'Normal'),
(640, 11, 'C', 6, 'Normal'),
(641, 11, 'D', 6, 'Normal'),
(642, 11, 'E', 6, 'Normal'),
(643, 11, 'A', 7, 'Normal'),
(644, 11, 'B', 7, 'Normal'),
(645, 11, 'C', 7, 'Normal'),
(646, 11, 'D', 7, 'Normal'),
(647, 11, 'E', 7, 'Normal'),
(676, 12, 'A', 1, 'Discapacitado'),
(677, 12, 'A', 2, 'Normal'),
(678, 12, 'A', 3, 'Normal'),
(679, 12, 'A', 4, 'Normal'),
(680, 12, 'A', 5, 'Normal'),
(681, 12, 'A', 6, 'Normal'),
(682, 12, 'B', 1, 'Normal'),
(683, 12, 'C', 1, 'Normal'),
(684, 12, 'D', 1, 'Normal'),
(685, 12, 'E', 1, 'Normal'),
(686, 12, 'F', 1, 'Normal'),
(687, 12, 'B', 2, 'Normal'),
(688, 12, 'C', 2, 'Normal'),
(689, 12, 'D', 2, 'Normal'),
(690, 12, 'E', 2, 'Normal'),
(691, 12, 'F', 2, 'Normal'),
(692, 12, 'B', 3, 'Normal'),
(693, 12, 'C', 3, 'Normal'),
(694, 12, 'D', 3, 'Normal'),
(695, 12, 'E', 3, 'Normal'),
(696, 12, 'F', 3, 'Normal'),
(697, 12, 'B', 4, 'Normal'),
(698, 12, 'C', 4, 'Normal'),
(699, 12, 'D', 4, 'Normal'),
(700, 12, 'E', 4, 'Normal'),
(701, 12, 'F', 4, 'Normal'),
(702, 12, 'B', 5, 'Normal'),
(703, 12, 'C', 5, 'Normal'),
(704, 12, 'D', 5, 'Normal'),
(705, 12, 'E', 5, 'Normal'),
(706, 12, 'F', 5, 'Normal'),
(707, 12, 'B', 6, 'Normal'),
(708, 12, 'C', 6, 'Normal'),
(709, 12, 'D', 6, 'Normal'),
(710, 12, 'E', 6, 'Normal'),
(711, 12, 'F', 6, 'Normal'),
(740, 13, 'A', 1, 'Normal'),
(741, 13, 'B', 1, 'Normal'),
(742, 13, 'C', 1, 'Normal'),
(743, 13, 'A', 2, 'Normal'),
(744, 13, 'B', 2, 'Normal'),
(745, 13, 'C', 2, 'Normal'),
(746, 13, 'A', 3, 'Normal'),
(747, 13, 'B', 3, 'Normal'),
(748, 13, 'C', 3, 'Normal'),
(749, 13, 'A', 4, 'Normal'),
(750, 13, 'B', 4, 'Normal'),
(751, 13, 'C', 4, 'Normal'),
(752, 13, 'A', 5, 'Normal'),
(753, 13, 'B', 5, 'Normal'),
(754, 13, 'C', 5, 'Normal'),
(755, 13, 'A', 6, 'Normal'),
(756, 13, 'B', 6, 'Normal'),
(757, 13, 'C', 6, 'Normal'),
(758, 13, 'A', 7, 'Normal'),
(759, 13, 'B', 7, 'Normal'),
(760, 13, 'C', 7, 'Normal'),
(761, 13, 'D', 1, 'Normal'),
(762, 13, 'E', 1, 'Normal'),
(763, 13, 'D', 2, 'Normal'),
(764, 13, 'E', 2, 'Normal'),
(765, 13, 'D', 3, 'Normal'),
(766, 13, 'E', 3, 'Normal'),
(767, 13, 'D', 4, 'Normal'),
(768, 13, 'E', 4, 'Normal'),
(769, 13, 'D', 5, 'Normal'),
(770, 13, 'E', 5, 'Normal'),
(771, 13, 'D', 6, 'Normal'),
(772, 13, 'E', 6, 'Normal'),
(773, 13, 'D', 7, 'Normal'),
(803, 14, 'A', 1, 'Discapacitado'),
(804, 14, 'A', 5, 'Discapacitado'),
(805, 14, 'A', 2, 'Normal'),
(806, 14, 'A', 3, 'Normal'),
(807, 14, 'A', 4, 'Normal'),
(808, 14, 'B', 1, 'Normal'),
(809, 14, 'C', 1, 'Normal'),
(810, 14, 'D', 1, 'Normal'),
(811, 14, 'E', 1, 'Normal'),
(812, 14, 'B', 2, 'Normal'),
(813, 14, 'C', 2, 'Normal'),
(814, 14, 'D', 2, 'Normal'),
(815, 14, 'E', 2, 'Normal'),
(816, 14, 'B', 3, 'Normal'),
(817, 14, 'C', 3, 'Normal'),
(818, 14, 'D', 3, 'Normal'),
(819, 14, 'E', 3, 'Normal'),
(820, 14, 'B', 4, 'Normal'),
(821, 14, 'C', 4, 'Normal'),
(822, 14, 'D', 4, 'Normal'),
(823, 14, 'E', 4, 'Normal'),
(824, 14, 'B', 5, 'Normal'),
(825, 14, 'C', 5, 'Normal'),
(826, 14, 'D', 5, 'Normal'),
(827, 14, 'E', 5, 'Normal'),
(836, 15, 'A', 1, 'Normal'),
(837, 15, 'B', 1, 'Normal'),
(838, 15, 'C', 1, 'Normal'),
(839, 15, 'D', 1, 'Normal'),
(840, 15, 'E', 1, 'Normal'),
(841, 15, 'A', 2, 'Normal'),
(842, 15, 'B', 2, 'Normal'),
(843, 15, 'C', 2, 'Normal'),
(844, 15, 'D', 2, 'Normal'),
(845, 15, 'E', 2, 'Normal'),
(846, 15, 'A', 3, 'Normal'),
(847, 15, 'B', 3, 'Normal'),
(848, 15, 'C', 3, 'Normal'),
(849, 15, 'D', 3, 'Normal'),
(850, 15, 'E', 3, 'Normal'),
(851, 15, 'A', 4, 'Normal'),
(852, 15, 'B', 4, 'Normal'),
(853, 15, 'C', 4, 'Normal'),
(854, 15, 'D', 4, 'Normal'),
(855, 15, 'E', 4, 'Normal'),
(856, 15, 'A', 5, 'Normal'),
(857, 15, 'B', 5, 'Normal'),
(858, 15, 'C', 5, 'Normal'),
(859, 15, 'D', 5, 'Normal'),
(860, 15, 'E', 5, 'Normal'),
(861, 15, 'A', 6, 'Normal'),
(862, 15, 'B', 6, 'Normal'),
(863, 15, 'C', 6, 'Normal'),
(864, 15, 'D', 6, 'Normal'),
(865, 15, 'E', 6, 'Normal'),
(866, 15, 'A', 7, 'Normal'),
(867, 15, 'B', 7, 'Normal'),
(868, 15, 'C', 7, 'Normal'),
(899, 16, 'A', 1, 'Normal'),
(900, 16, 'B', 1, 'Normal'),
(901, 16, 'C', 1, 'Normal'),
(902, 16, 'D', 1, 'Normal'),
(903, 16, 'E', 1, 'Normal'),
(904, 16, 'A', 2, 'Normal'),
(905, 16, 'B', 2, 'Normal'),
(906, 16, 'C', 2, 'Normal'),
(907, 16, 'D', 2, 'Normal'),
(908, 16, 'E', 2, 'Normal'),
(909, 16, 'A', 3, 'Normal'),
(910, 16, 'B', 3, 'Normal'),
(911, 16, 'C', 3, 'Normal'),
(912, 16, 'D', 3, 'Normal'),
(913, 16, 'E', 3, 'Normal'),
(914, 16, 'A', 4, 'Normal'),
(915, 16, 'B', 4, 'Normal'),
(916, 16, 'C', 4, 'Normal'),
(917, 16, 'D', 4, 'Normal'),
(918, 16, 'E', 4, 'Normal'),
(919, 16, 'A', 5, 'Normal'),
(920, 16, 'B', 5, 'Normal'),
(921, 16, 'C', 5, 'Normal'),
(922, 16, 'D', 5, 'Normal'),
(923, 16, 'E', 5, 'Normal'),
(924, 16, 'A', 6, 'Normal'),
(925, 16, 'B', 6, 'Normal'),
(926, 16, 'C', 6, 'Normal'),
(927, 16, 'D', 6, 'Normal'),
(928, 16, 'E', 6, 'Normal'),
(929, 16, 'A', 7, 'Normal'),
(930, 16, 'B', 7, 'Normal'),
(931, 16, 'C', 7, 'Normal'),
(932, 16, 'D', 7, 'Normal'),
(933, 16, 'E', 7, 'Normal'),
(962, 17, 'A', 1, 'Discapacitado'),
(963, 17, 'A', 2, 'Normal'),
(964, 17, 'A', 3, 'Normal'),
(965, 17, 'A', 4, 'Normal'),
(966, 17, 'A', 5, 'Normal'),
(967, 17, 'A', 6, 'Normal'),
(968, 17, 'A', 7, 'Normal'),
(969, 17, 'A', 8, 'Normal'),
(970, 17, 'B', 1, 'Normal'),
(971, 17, 'C', 1, 'Normal'),
(972, 17, 'D', 1, 'Normal'),
(973, 17, 'E', 1, 'Normal'),
(974, 17, 'B', 2, 'Normal'),
(975, 17, 'C', 2, 'Normal'),
(976, 17, 'D', 2, 'Normal'),
(977, 17, 'E', 2, 'Normal'),
(978, 17, 'B', 3, 'Normal'),
(979, 17, 'C', 3, 'Normal'),
(980, 17, 'D', 3, 'Normal'),
(981, 17, 'E', 3, 'Normal'),
(982, 17, 'B', 4, 'Normal'),
(983, 17, 'C', 4, 'Normal'),
(984, 17, 'D', 4, 'Normal'),
(985, 17, 'E', 4, 'Normal'),
(986, 17, 'B', 5, 'Normal'),
(987, 17, 'C', 5, 'Normal'),
(988, 17, 'D', 5, 'Normal'),
(989, 17, 'E', 5, 'Normal'),
(990, 17, 'B', 6, 'Normal'),
(991, 17, 'C', 6, 'Normal'),
(992, 17, 'D', 6, 'Normal'),
(993, 17, 'E', 6, 'Normal'),
(994, 17, 'B', 7, 'Normal'),
(995, 17, 'C', 7, 'Normal'),
(996, 17, 'D', 7, 'Normal'),
(997, 17, 'E', 7, 'Normal'),
(998, 17, 'B', 8, 'Normal'),
(1026, 18, 'A', 1, 'Normal'),
(1027, 18, 'B', 1, 'Normal'),
(1028, 18, 'C', 1, 'Normal'),
(1029, 18, 'D', 1, 'Normal'),
(1030, 18, 'E', 1, 'Normal'),
(1031, 18, 'A', 2, 'Normal'),
(1032, 18, 'B', 2, 'Normal'),
(1033, 18, 'C', 2, 'Normal'),
(1034, 18, 'D', 2, 'Normal'),
(1035, 18, 'E', 2, 'Normal'),
(1036, 18, 'A', 3, 'Normal'),
(1037, 18, 'B', 3, 'Normal'),
(1038, 18, 'C', 3, 'Normal'),
(1039, 18, 'D', 3, 'Normal'),
(1040, 18, 'E', 3, 'Normal'),
(1041, 18, 'A', 4, 'Normal'),
(1042, 18, 'B', 4, 'Normal'),
(1043, 18, 'C', 4, 'Normal'),
(1044, 18, 'D', 4, 'Normal'),
(1045, 18, 'E', 4, 'Normal'),
(1046, 18, 'A', 5, 'Normal'),
(1047, 18, 'B', 5, 'Normal'),
(1048, 18, 'C', 5, 'Normal'),
(1049, 18, 'D', 5, 'Normal'),
(1050, 18, 'E', 5, 'Normal'),
(1051, 18, 'A', 6, 'Normal'),
(1052, 18, 'B', 6, 'Normal'),
(1053, 18, 'C', 6, 'Normal'),
(1054, 18, 'D', 6, 'Normal'),
(1055, 18, 'E', 6, 'Normal'),
(1056, 18, 'A', 7, 'Normal'),
(1057, 18, 'B', 7, 'Normal'),
(1058, 18, 'C', 7, 'Normal'),
(1059, 18, 'D', 7, 'Normal'),
(1060, 18, 'E', 7, 'Normal'),
(1061, 18, 'A', 8, 'Normal'),
(1062, 18, 'B', 8, 'Normal'),
(1063, 18, 'C', 8, 'Normal'),
(1064, 18, 'D', 8, 'Normal'),
(1065, 18, 'E', 8, 'Normal'),
(1089, 19, 'D', 1, 'Discapacitado'),
(1090, 19, 'D', 7, 'Discapacitado'),
(1091, 19, 'A', 1, 'Normal'),
(1092, 19, 'B', 1, 'Normal'),
(1093, 19, 'C', 1, 'Normal'),
(1094, 19, 'A', 2, 'Normal'),
(1095, 19, 'B', 2, 'Normal'),
(1096, 19, 'C', 2, 'Normal'),
(1097, 19, 'A', 3, 'Normal'),
(1098, 19, 'B', 3, 'Normal'),
(1099, 19, 'C', 3, 'Normal'),
(1100, 19, 'A', 4, 'Normal'),
(1101, 19, 'B', 4, 'Normal'),
(1102, 19, 'C', 4, 'Normal'),
(1103, 19, 'A', 5, 'Normal'),
(1104, 19, 'B', 5, 'Normal'),
(1105, 19, 'C', 5, 'Normal'),
(1106, 19, 'A', 6, 'Normal'),
(1107, 19, 'B', 6, 'Normal'),
(1108, 19, 'C', 6, 'Normal'),
(1109, 19, 'A', 7, 'Normal'),
(1110, 19, 'B', 7, 'Normal'),
(1111, 19, 'C', 7, 'Normal'),
(1112, 19, 'D', 2, 'Normal'),
(1113, 19, 'D', 3, 'Normal'),
(1114, 19, 'D', 4, 'Normal'),
(1115, 19, 'D', 5, 'Normal'),
(1116, 19, 'D', 6, 'Normal'),
(1122, 20, 'A', 1, 'Normal'),
(1123, 20, 'B', 1, 'Normal'),
(1124, 20, 'C', 1, 'Normal'),
(1125, 20, 'D', 1, 'Normal'),
(1126, 20, 'E', 1, 'Normal'),
(1127, 20, 'F', 1, 'Normal'),
(1128, 20, 'A', 2, 'Normal'),
(1129, 20, 'B', 2, 'Normal'),
(1130, 20, 'C', 2, 'Normal'),
(1131, 20, 'D', 2, 'Normal'),
(1132, 20, 'E', 2, 'Normal'),
(1133, 20, 'F', 2, 'Normal'),
(1134, 20, 'A', 3, 'Normal'),
(1135, 20, 'B', 3, 'Normal'),
(1136, 20, 'C', 3, 'Normal'),
(1137, 20, 'D', 3, 'Normal'),
(1138, 20, 'E', 3, 'Normal'),
(1139, 20, 'F', 3, 'Normal'),
(1140, 20, 'A', 4, 'Normal'),
(1141, 20, 'B', 4, 'Normal'),
(1142, 20, 'C', 4, 'Normal'),
(1143, 20, 'D', 4, 'Normal'),
(1144, 20, 'E', 4, 'Normal'),
(1145, 20, 'F', 4, 'Normal'),
(1146, 20, 'A', 5, 'Normal'),
(1147, 20, 'B', 5, 'Normal'),
(1148, 20, 'C', 5, 'Normal'),
(1149, 20, 'D', 5, 'Normal'),
(1150, 20, 'E', 5, 'Normal'),
(1151, 20, 'F', 5, 'Normal'),
(1152, 20, 'A', 6, 'Normal'),
(1153, 20, 'B', 6, 'Normal'),
(1154, 20, 'C', 6, 'Normal'),
(1155, 20, 'D', 6, 'Normal'),
(1156, 20, 'E', 6, 'Normal'),
(1157, 20, 'F', 6, 'Normal'),
(1158, 20, 'A', 7, 'Normal'),
(1159, 20, 'B', 7, 'Normal'),
(1160, 20, 'C', 7, 'Normal'),
(1161, 20, 'D', 7, 'Normal'),
(1162, 20, 'E', 7, 'Normal'),
(1163, 20, 'F', 7, 'Normal'),
(1164, 20, 'A', 8, 'Normal'),
(1165, 20, 'B', 8, 'Normal'),
(1166, 20, 'C', 8, 'Normal'),
(1167, 20, 'D', 8, 'Normal'),
(1185, 21, 'A', 1, 'Discapacitado'),
(1186, 21, 'A', 2, 'Normal'),
(1187, 21, 'A', 3, 'Normal'),
(1188, 21, 'A', 4, 'Normal'),
(1189, 21, 'A', 5, 'Normal'),
(1190, 21, 'A', 6, 'Normal'),
(1191, 21, 'A', 7, 'Normal'),
(1192, 21, 'A', 8, 'Normal'),
(1193, 21, 'B', 1, 'Normal'),
(1194, 21, 'C', 1, 'Normal'),
(1195, 21, 'D', 1, 'Normal'),
(1196, 21, 'E', 1, 'Normal'),
(1197, 21, 'F', 1, 'Normal'),
(1198, 21, 'B', 2, 'Normal'),
(1199, 21, 'C', 2, 'Normal'),
(1200, 21, 'D', 2, 'Normal'),
(1201, 21, 'E', 2, 'Normal'),
(1202, 21, 'F', 2, 'Normal'),
(1203, 21, 'B', 3, 'Normal'),
(1204, 21, 'C', 3, 'Normal'),
(1205, 21, 'D', 3, 'Normal'),
(1206, 21, 'E', 3, 'Normal'),
(1207, 21, 'F', 3, 'Normal'),
(1208, 21, 'B', 4, 'Normal'),
(1209, 21, 'C', 4, 'Normal'),
(1210, 21, 'D', 4, 'Normal'),
(1211, 21, 'E', 4, 'Normal'),
(1212, 21, 'F', 4, 'Normal'),
(1213, 21, 'B', 5, 'Normal'),
(1214, 21, 'C', 5, 'Normal'),
(1215, 21, 'D', 5, 'Normal'),
(1216, 21, 'E', 5, 'Normal'),
(1217, 21, 'F', 5, 'Normal'),
(1218, 21, 'B', 6, 'Normal'),
(1219, 21, 'C', 6, 'Normal'),
(1220, 21, 'D', 6, 'Normal'),
(1221, 21, 'E', 6, 'Normal'),
(1222, 21, 'F', 6, 'Normal'),
(1223, 21, 'B', 7, 'Normal'),
(1224, 21, 'C', 7, 'Normal'),
(1225, 21, 'D', 7, 'Normal'),
(1226, 21, 'E', 7, 'Normal'),
(1227, 21, 'F', 7, 'Normal'),
(1228, 21, 'B', 8, 'Normal'),
(1229, 21, 'C', 8, 'Normal'),
(1230, 21, 'D', 8, 'Normal'),
(1249, 22, 'A', 1, 'Normal'),
(1250, 22, 'B', 1, 'Normal'),
(1251, 22, 'C', 1, 'Normal'),
(1252, 22, 'D', 1, 'Normal'),
(1253, 22, 'E', 1, 'Normal'),
(1254, 22, 'F', 1, 'Normal'),
(1255, 22, 'A', 2, 'Normal'),
(1256, 22, 'B', 2, 'Normal'),
(1257, 22, 'C', 2, 'Normal'),
(1258, 22, 'D', 2, 'Normal'),
(1259, 22, 'E', 2, 'Normal'),
(1260, 22, 'F', 2, 'Normal'),
(1261, 22, 'A', 3, 'Normal'),
(1262, 22, 'B', 3, 'Normal'),
(1263, 22, 'C', 3, 'Normal'),
(1264, 22, 'D', 3, 'Normal'),
(1265, 22, 'E', 3, 'Normal'),
(1266, 22, 'F', 3, 'Normal'),
(1267, 22, 'A', 4, 'Normal'),
(1268, 22, 'B', 4, 'Normal'),
(1269, 22, 'C', 4, 'Normal'),
(1270, 22, 'D', 4, 'Normal'),
(1271, 22, 'E', 4, 'Normal'),
(1272, 22, 'F', 4, 'Normal'),
(1273, 22, 'A', 5, 'Normal'),
(1274, 22, 'B', 5, 'Normal'),
(1275, 22, 'C', 5, 'Normal'),
(1276, 22, 'D', 5, 'Normal'),
(1277, 22, 'E', 5, 'Normal'),
(1278, 22, 'F', 5, 'Normal'),
(1279, 22, 'A', 6, 'Normal'),
(1280, 22, 'B', 6, 'Normal'),
(1281, 22, 'C', 6, 'Normal'),
(1282, 22, 'D', 6, 'Normal'),
(1283, 22, 'E', 6, 'Normal'),
(1284, 22, 'F', 6, 'Normal'),
(1285, 22, 'A', 7, 'Normal'),
(1286, 22, 'B', 7, 'Normal'),
(1287, 22, 'C', 7, 'Normal'),
(1288, 22, 'D', 7, 'Normal'),
(1289, 22, 'E', 7, 'Normal'),
(1290, 22, 'F', 7, 'Normal'),
(1291, 22, 'A', 8, 'Normal'),
(1312, 23, 'A', 1, 'Normal'),
(1313, 23, 'B', 1, 'Normal'),
(1314, 23, 'C', 1, 'Normal'),
(1315, 23, 'D', 1, 'Normal'),
(1316, 23, 'E', 1, 'Normal'),
(1317, 23, 'A', 2, 'Normal'),
(1318, 23, 'B', 2, 'Normal'),
(1319, 23, 'C', 2, 'Normal'),
(1320, 23, 'D', 2, 'Normal'),
(1321, 23, 'E', 2, 'Normal'),
(1322, 23, 'A', 3, 'Normal'),
(1323, 23, 'B', 3, 'Normal'),
(1324, 23, 'C', 3, 'Normal'),
(1325, 23, 'D', 3, 'Normal'),
(1326, 23, 'E', 3, 'Normal'),
(1327, 23, 'A', 4, 'Normal'),
(1328, 23, 'B', 4, 'Normal'),
(1329, 23, 'C', 4, 'Normal'),
(1330, 23, 'D', 4, 'Normal'),
(1331, 23, 'E', 4, 'Normal'),
(1332, 23, 'A', 5, 'Normal'),
(1333, 23, 'B', 5, 'Normal'),
(1334, 23, 'C', 5, 'Normal'),
(1335, 23, 'D', 5, 'Normal'),
(1336, 23, 'E', 5, 'Normal'),
(1337, 23, 'A', 6, 'Normal'),
(1338, 23, 'B', 6, 'Normal'),
(1339, 23, 'C', 6, 'Normal'),
(1340, 23, 'D', 6, 'Normal'),
(1341, 23, 'E', 6, 'Normal'),
(1342, 23, 'A', 7, 'Normal'),
(1343, 23, 'B', 7, 'Normal'),
(1344, 23, 'C', 7, 'Normal'),
(1345, 23, 'D', 7, 'Normal'),
(1346, 23, 'E', 7, 'Normal'),
(1347, 23, 'A', 8, 'Normal'),
(1348, 23, 'B', 8, 'Normal'),
(1349, 23, 'C', 8, 'Normal'),
(1350, 23, 'D', 8, 'Normal'),
(1351, 23, 'E', 8, 'Normal'),
(1352, 23, 'A', 9, 'Normal'),
(1353, 23, 'B', 9, 'Normal'),
(1354, 23, 'C', 9, 'Normal'),
(1355, 23, 'D', 9, 'Normal'),
(1356, 23, 'E', 9, 'Normal'),
(1375, 24, 'A', 1, 'Discapacitado'),
(1376, 24, 'A', 6, 'Discapacitado'),
(1377, 24, 'A', 2, 'Normal'),
(1378, 24, 'A', 3, 'Normal'),
(1379, 24, 'A', 4, 'Normal'),
(1380, 24, 'A', 5, 'Normal'),
(1381, 24, 'B', 1, 'Normal'),
(1382, 24, 'C', 1, 'Normal'),
(1383, 24, 'D', 1, 'Normal'),
(1384, 24, 'E', 1, 'Normal'),
(1385, 24, 'B', 2, 'Normal'),
(1386, 24, 'C', 2, 'Normal'),
(1387, 24, 'D', 2, 'Normal'),
(1388, 24, 'E', 2, 'Normal'),
(1389, 24, 'B', 3, 'Normal'),
(1390, 24, 'C', 3, 'Normal'),
(1391, 24, 'D', 3, 'Normal'),
(1392, 24, 'E', 3, 'Normal'),
(1393, 24, 'B', 4, 'Normal'),
(1394, 24, 'C', 4, 'Normal'),
(1395, 24, 'D', 4, 'Normal'),
(1396, 24, 'E', 4, 'Normal'),
(1397, 24, 'B', 5, 'Normal'),
(1398, 24, 'C', 5, 'Normal'),
(1399, 24, 'D', 5, 'Normal'),
(1400, 24, 'E', 5, 'Normal'),
(1401, 24, 'B', 6, 'Normal'),
(1402, 24, 'C', 6, 'Normal'),
(1403, 24, 'D', 6, 'Normal'),
(1404, 24, 'E', 6, 'Normal'),
(1408, 25, 'A', 1, 'Normal'),
(1409, 25, 'B', 1, 'Normal'),
(1410, 25, 'C', 1, 'Normal'),
(1411, 25, 'D', 1, 'Normal'),
(1412, 25, 'E', 1, 'Normal'),
(1413, 25, 'F', 1, 'Normal'),
(1414, 25, 'A', 2, 'Normal'),
(1415, 25, 'B', 2, 'Normal'),
(1416, 25, 'C', 2, 'Normal'),
(1417, 25, 'D', 2, 'Normal'),
(1418, 25, 'E', 2, 'Normal'),
(1419, 25, 'F', 2, 'Normal'),
(1420, 25, 'A', 3, 'Normal'),
(1421, 25, 'B', 3, 'Normal'),
(1422, 25, 'C', 3, 'Normal'),
(1423, 25, 'D', 3, 'Normal'),
(1424, 25, 'E', 3, 'Normal'),
(1425, 25, 'F', 3, 'Normal'),
(1426, 25, 'A', 4, 'Normal'),
(1427, 25, 'B', 4, 'Normal'),
(1428, 25, 'C', 4, 'Normal'),
(1429, 25, 'D', 4, 'Normal'),
(1430, 25, 'E', 4, 'Normal'),
(1431, 25, 'F', 4, 'Normal'),
(1432, 25, 'A', 5, 'Normal'),
(1433, 25, 'B', 5, 'Normal'),
(1434, 25, 'C', 5, 'Normal'),
(1435, 25, 'D', 5, 'Normal'),
(1436, 25, 'E', 5, 'Normal'),
(1437, 25, 'F', 5, 'Normal'),
(1438, 25, 'A', 6, 'Normal'),
(1439, 25, 'B', 6, 'Normal'),
(1440, 25, 'C', 6, 'Normal'),
(1441, 25, 'D', 6, 'Normal'),
(1442, 25, 'E', 6, 'Normal'),
(1443, 25, 'F', 6, 'Normal'),
(1444, 25, 'A', 7, 'Normal'),
(1445, 25, 'B', 7, 'Normal'),
(1446, 25, 'C', 7, 'Normal'),
(1447, 25, 'D', 7, 'Normal'),
(1448, 25, 'E', 7, 'Normal'),
(1449, 25, 'F', 7, 'Normal'),
(1450, 25, 'A', 8, 'Normal'),
(1451, 25, 'B', 8, 'Normal'),
(1452, 25, 'C', 8, 'Normal'),
(1453, 25, 'D', 8, 'Normal'),
(1454, 25, 'E', 8, 'Normal'),
(1455, 25, 'F', 8, 'Normal'),
(1456, 25, 'A', 9, 'Normal'),
(1457, 25, 'B', 9, 'Normal'),
(1471, 26, 'A', 1, 'Normal'),
(1472, 26, 'B', 1, 'Normal'),
(1473, 26, 'C', 1, 'Normal'),
(1474, 26, 'D', 1, 'Normal'),
(1475, 26, 'E', 1, 'Normal'),
(1476, 26, 'A', 2, 'Normal'),
(1477, 26, 'B', 2, 'Normal'),
(1478, 26, 'C', 2, 'Normal'),
(1479, 26, 'D', 2, 'Normal'),
(1480, 26, 'E', 2, 'Normal'),
(1481, 26, 'A', 3, 'Normal'),
(1482, 26, 'B', 3, 'Normal'),
(1483, 26, 'C', 3, 'Normal'),
(1484, 26, 'D', 3, 'Normal'),
(1485, 26, 'E', 3, 'Normal'),
(1486, 26, 'A', 4, 'Normal'),
(1487, 26, 'B', 4, 'Normal'),
(1488, 26, 'C', 4, 'Normal'),
(1489, 26, 'D', 4, 'Normal'),
(1490, 26, 'E', 4, 'Normal'),
(1491, 26, 'A', 5, 'Normal'),
(1492, 26, 'B', 5, 'Normal'),
(1493, 26, 'C', 5, 'Normal'),
(1494, 26, 'D', 5, 'Normal'),
(1495, 26, 'E', 5, 'Normal'),
(1496, 26, 'A', 6, 'Normal'),
(1497, 26, 'B', 6, 'Normal'),
(1498, 26, 'C', 6, 'Normal'),
(1499, 26, 'D', 6, 'Normal'),
(1500, 26, 'E', 6, 'Normal'),
(1502, 27, 'E', 7, 'Discapacitado'),
(1503, 27, 'A', 1, 'Normal'),
(1504, 27, 'B', 1, 'Normal'),
(1505, 27, 'C', 1, 'Normal'),
(1506, 27, 'D', 1, 'Normal'),
(1507, 27, 'A', 2, 'Normal'),
(1508, 27, 'B', 2, 'Normal'),
(1509, 27, 'C', 2, 'Normal'),
(1510, 27, 'D', 2, 'Normal'),
(1511, 27, 'A', 3, 'Normal'),
(1512, 27, 'B', 3, 'Normal'),
(1513, 27, 'C', 3, 'Normal'),
(1514, 27, 'D', 3, 'Normal'),
(1515, 27, 'A', 4, 'Normal'),
(1516, 27, 'B', 4, 'Normal'),
(1517, 27, 'C', 4, 'Normal'),
(1518, 27, 'D', 4, 'Normal'),
(1519, 27, 'A', 5, 'Normal'),
(1520, 27, 'B', 5, 'Normal'),
(1521, 27, 'C', 5, 'Normal'),
(1522, 27, 'D', 5, 'Normal'),
(1523, 27, 'A', 6, 'Normal'),
(1524, 27, 'B', 6, 'Normal'),
(1525, 27, 'C', 6, 'Normal'),
(1526, 27, 'D', 6, 'Normal'),
(1527, 27, 'A', 7, 'Normal'),
(1528, 27, 'B', 7, 'Normal'),
(1529, 27, 'C', 7, 'Normal'),
(1530, 27, 'D', 7, 'Normal'),
(1531, 27, 'E', 1, 'Normal'),
(1532, 27, 'E', 2, 'Normal'),
(1533, 27, 'E', 3, 'Normal'),
(1534, 27, 'E', 4, 'Normal'),
(1566, 28, 'A', 1, 'Normal'),
(1567, 28, 'B', 1, 'Normal'),
(1568, 28, 'C', 1, 'Normal'),
(1569, 28, 'D', 1, 'Normal'),
(1570, 28, 'E', 1, 'Normal'),
(1571, 28, 'A', 2, 'Normal'),
(1572, 28, 'B', 2, 'Normal'),
(1573, 28, 'C', 2, 'Normal'),
(1574, 28, 'D', 2, 'Normal'),
(1575, 28, 'E', 2, 'Normal'),
(1576, 28, 'A', 3, 'Normal'),
(1577, 28, 'B', 3, 'Normal'),
(1578, 28, 'C', 3, 'Normal'),
(1579, 28, 'D', 3, 'Normal'),
(1580, 28, 'E', 3, 'Normal'),
(1581, 28, 'A', 4, 'Normal'),
(1582, 28, 'B', 4, 'Normal'),
(1583, 28, 'C', 4, 'Normal'),
(1584, 28, 'D', 4, 'Normal'),
(1585, 28, 'E', 4, 'Normal'),
(1586, 28, 'A', 5, 'Normal'),
(1587, 28, 'B', 5, 'Normal'),
(1588, 28, 'C', 5, 'Normal'),
(1589, 28, 'D', 5, 'Normal'),
(1590, 28, 'E', 5, 'Normal'),
(1591, 28, 'A', 6, 'Normal'),
(1592, 28, 'B', 6, 'Normal'),
(1593, 28, 'C', 6, 'Normal'),
(1594, 28, 'D', 6, 'Normal'),
(1597, 29, 'A', 1, 'Normal'),
(1598, 29, 'B', 1, 'Normal'),
(1599, 29, 'C', 1, 'Normal'),
(1600, 29, 'D', 1, 'Normal'),
(1601, 29, 'E', 1, 'Normal'),
(1602, 29, 'F', 1, 'Normal'),
(1603, 29, 'A', 2, 'Normal'),
(1604, 29, 'B', 2, 'Normal'),
(1605, 29, 'C', 2, 'Normal'),
(1606, 29, 'D', 2, 'Normal'),
(1607, 29, 'E', 2, 'Normal'),
(1608, 29, 'F', 2, 'Normal'),
(1609, 29, 'A', 3, 'Normal'),
(1610, 29, 'B', 3, 'Normal'),
(1611, 29, 'C', 3, 'Normal'),
(1612, 29, 'D', 3, 'Normal'),
(1613, 29, 'E', 3, 'Normal'),
(1614, 29, 'F', 3, 'Normal'),
(1615, 29, 'A', 4, 'Normal'),
(1616, 29, 'B', 4, 'Normal'),
(1617, 29, 'C', 4, 'Normal'),
(1618, 29, 'D', 4, 'Normal'),
(1619, 29, 'E', 4, 'Normal'),
(1620, 29, 'F', 4, 'Normal'),
(1621, 29, 'A', 5, 'Normal'),
(1622, 29, 'B', 5, 'Normal'),
(1623, 29, 'C', 5, 'Normal'),
(1624, 29, 'D', 5, 'Normal'),
(1625, 29, 'E', 5, 'Normal'),
(1626, 29, 'F', 5, 'Normal'),
(1627, 29, 'A', 6, 'Normal'),
(1628, 29, 'B', 6, 'Normal'),
(1629, 29, 'C', 6, 'Normal'),
(1630, 29, 'D', 6, 'Normal'),
(1631, 29, 'E', 6, 'Normal'),
(1632, 29, 'F', 6, 'Normal'),
(1660, 30, 'A', 1, 'Discapacitado'),
(1661, 30, 'A', 8, 'Discapacitado'),
(1662, 30, 'A', 2, 'Normal'),
(1663, 30, 'A', 3, 'Normal'),
(1664, 30, 'A', 4, 'Normal'),
(1665, 30, 'A', 5, 'Normal'),
(1666, 30, 'A', 6, 'Normal'),
(1667, 30, 'A', 7, 'Normal'),
(1668, 30, 'B', 1, 'Normal'),
(1669, 30, 'C', 1, 'Normal'),
(1670, 30, 'D', 1, 'Normal'),
(1671, 30, 'E', 1, 'Normal'),
(1672, 30, 'B', 2, 'Normal'),
(1673, 30, 'C', 2, 'Normal'),
(1674, 30, 'D', 2, 'Normal'),
(1675, 30, 'E', 2, 'Normal'),
(1676, 30, 'B', 3, 'Normal'),
(1677, 30, 'C', 3, 'Normal'),
(1678, 30, 'D', 3, 'Normal'),
(1679, 30, 'E', 3, 'Normal'),
(1680, 30, 'B', 4, 'Normal'),
(1681, 30, 'C', 4, 'Normal'),
(1682, 30, 'D', 4, 'Normal'),
(1683, 30, 'E', 4, 'Normal'),
(1684, 30, 'B', 5, 'Normal'),
(1685, 30, 'C', 5, 'Normal'),
(1686, 30, 'D', 5, 'Normal'),
(1687, 30, 'E', 5, 'Normal'),
(1688, 30, 'B', 6, 'Normal'),
(1689, 30, 'C', 6, 'Normal'),
(1690, 30, 'D', 6, 'Normal'),
(1691, 30, 'E', 6, 'Normal'),
(1692, 30, 'B', 7, 'Normal'),
(1693, 30, 'C', 7, 'Normal'),
(1694, 30, 'D', 7, 'Normal'),
(1695, 30, 'E', 7, 'Normal'),
(1696, 30, 'B', 8, 'Normal'),
(1697, 30, 'C', 8, 'Normal'),
(1698, 30, 'D', 8, 'Normal'),
(1699, 30, 'E', 8, 'Normal'),
(1725, 31, 'A', 1, 'Normal'),
(1726, 31, 'B', 1, 'Normal'),
(1727, 31, 'C', 1, 'Normal'),
(1728, 31, 'D', 1, 'Normal'),
(1729, 31, 'E', 1, 'Normal'),
(1730, 31, 'F', 1, 'Normal'),
(1731, 31, 'A', 2, 'Normal'),
(1732, 31, 'B', 2, 'Normal'),
(1733, 31, 'C', 2, 'Normal'),
(1734, 31, 'D', 2, 'Normal'),
(1735, 31, 'E', 2, 'Normal'),
(1736, 31, 'F', 2, 'Normal'),
(1737, 31, 'A', 3, 'Normal'),
(1738, 31, 'B', 3, 'Normal'),
(1739, 31, 'C', 3, 'Normal'),
(1740, 31, 'D', 3, 'Normal'),
(1741, 31, 'E', 3, 'Normal'),
(1742, 31, 'F', 3, 'Normal'),
(1743, 31, 'A', 4, 'Normal'),
(1744, 31, 'B', 4, 'Normal'),
(1745, 31, 'C', 4, 'Normal'),
(1746, 31, 'D', 4, 'Normal'),
(1747, 31, 'E', 4, 'Normal'),
(1748, 31, 'F', 4, 'Normal'),
(1749, 31, 'A', 5, 'Normal'),
(1750, 31, 'B', 5, 'Normal'),
(1751, 31, 'C', 5, 'Normal'),
(1752, 31, 'D', 5, 'Normal'),
(1753, 31, 'E', 5, 'Normal'),
(1754, 31, 'F', 5, 'Normal'),
(1755, 31, 'A', 6, 'Normal'),
(1756, 31, 'B', 6, 'Normal'),
(1757, 31, 'C', 6, 'Normal'),
(1758, 31, 'D', 6, 'Normal'),
(1759, 31, 'E', 6, 'Normal'),
(1760, 31, 'F', 6, 'Normal'),
(1761, 31, 'A', 7, 'Normal'),
(1762, 31, 'B', 7, 'Normal'),
(1763, 31, 'C', 7, 'Normal'),
(1788, 32, 'A', 1, 'Normal'),
(1789, 32, 'B', 1, 'Normal'),
(1790, 32, 'C', 1, 'Normal'),
(1791, 32, 'D', 1, 'Normal'),
(1792, 32, 'E', 1, 'Normal'),
(1793, 32, 'A', 2, 'Normal'),
(1794, 32, 'B', 2, 'Normal'),
(1795, 32, 'C', 2, 'Normal'),
(1796, 32, 'D', 2, 'Normal'),
(1797, 32, 'E', 2, 'Normal'),
(1798, 32, 'A', 3, 'Normal'),
(1799, 32, 'B', 3, 'Normal'),
(1800, 32, 'C', 3, 'Normal'),
(1801, 32, 'D', 3, 'Normal'),
(1802, 32, 'E', 3, 'Normal'),
(1803, 32, 'A', 4, 'Normal'),
(1804, 32, 'B', 4, 'Normal'),
(1805, 32, 'C', 4, 'Normal'),
(1806, 32, 'D', 4, 'Normal'),
(1807, 32, 'E', 4, 'Normal'),
(1808, 32, 'A', 5, 'Normal'),
(1809, 32, 'B', 5, 'Normal'),
(1810, 32, 'C', 5, 'Normal'),
(1811, 32, 'D', 5, 'Normal'),
(1812, 32, 'E', 5, 'Normal'),
(1813, 32, 'A', 6, 'Normal'),
(1814, 32, 'B', 6, 'Normal'),
(1815, 32, 'C', 6, 'Normal'),
(1816, 32, 'D', 6, 'Normal'),
(1817, 32, 'E', 6, 'Normal'),
(1818, 32, 'A', 7, 'Normal'),
(1819, 32, 'B', 7, 'Normal'),
(1820, 32, 'C', 7, 'Normal'),
(1821, 32, 'D', 7, 'Normal'),
(1822, 32, 'E', 7, 'Normal'),
(1823, 32, 'A', 8, 'Normal'),
(1824, 32, 'B', 8, 'Normal'),
(1825, 32, 'C', 8, 'Normal'),
(1826, 32, 'D', 8, 'Normal'),
(1827, 32, 'E', 8, 'Normal'),
(1851, 33, 'A', 1, 'Discapacitado'),
(1852, 33, 'A', 2, 'Normal'),
(1853, 33, 'A', 3, 'Normal'),
(1854, 33, 'A', 4, 'Normal'),
(1855, 33, 'A', 5, 'Normal'),
(1856, 33, 'B', 1, 'Normal'),
(1857, 33, 'C', 1, 'Normal'),
(1858, 33, 'D', 1, 'Normal'),
(1859, 33, 'E', 1, 'Normal'),
(1860, 33, 'B', 2, 'Normal'),
(1861, 33, 'C', 2, 'Normal'),
(1862, 33, 'D', 2, 'Normal'),
(1863, 33, 'E', 2, 'Normal'),
(1864, 33, 'B', 3, 'Normal'),
(1865, 33, 'C', 3, 'Normal'),
(1866, 33, 'D', 3, 'Normal'),
(1867, 33, 'E', 3, 'Normal'),
(1868, 33, 'B', 4, 'Normal'),
(1869, 33, 'C', 4, 'Normal'),
(1870, 33, 'D', 4, 'Normal'),
(1871, 33, 'E', 4, 'Normal'),
(1872, 33, 'B', 5, 'Normal'),
(1873, 33, 'C', 5, 'Normal'),
(1874, 33, 'D', 5, 'Normal'),
(1875, 33, 'E', 5, 'Normal'),
(1883, 34, 'A', 1, 'Normal'),
(1884, 34, 'B', 1, 'Normal'),
(1885, 34, 'C', 1, 'Normal'),
(1886, 34, 'D', 1, 'Normal'),
(1887, 34, 'E', 1, 'Normal'),
(1888, 34, 'A', 2, 'Normal'),
(1889, 34, 'B', 2, 'Normal'),
(1890, 34, 'C', 2, 'Normal'),
(1891, 34, 'D', 2, 'Normal'),
(1892, 34, 'E', 2, 'Normal'),
(1893, 34, 'A', 3, 'Normal'),
(1894, 34, 'B', 3, 'Normal'),
(1895, 34, 'C', 3, 'Normal'),
(1896, 34, 'D', 3, 'Normal'),
(1897, 34, 'E', 3, 'Normal'),
(1898, 34, 'A', 4, 'Normal'),
(1899, 34, 'B', 4, 'Normal'),
(1900, 34, 'C', 4, 'Normal'),
(1901, 34, 'D', 4, 'Normal'),
(1902, 34, 'E', 4, 'Normal'),
(1903, 34, 'A', 5, 'Normal'),
(1904, 34, 'B', 5, 'Normal'),
(1905, 34, 'C', 5, 'Normal'),
(1906, 34, 'D', 5, 'Normal'),
(1907, 34, 'E', 5, 'Normal'),
(1908, 34, 'A', 6, 'Normal'),
(1909, 34, 'B', 6, 'Normal'),
(1910, 34, 'C', 6, 'Normal'),
(1911, 34, 'D', 6, 'Normal'),
(1912, 34, 'E', 6, 'Normal'),
(1913, 34, 'A', 7, 'Normal'),
(1914, 34, 'B', 7, 'Normal'),
(1915, 34, 'C', 7, 'Normal'),
(1916, 34, 'D', 7, 'Normal'),
(1946, 35, 'A', 1, 'Normal'),
(1947, 35, 'B', 1, 'Normal'),
(1948, 35, 'C', 1, 'Normal'),
(1949, 35, 'D', 1, 'Normal'),
(1950, 35, 'E', 1, 'Normal'),
(1951, 35, 'A', 2, 'Normal'),
(1952, 35, 'B', 2, 'Normal'),
(1953, 35, 'C', 2, 'Normal'),
(1954, 35, 'D', 2, 'Normal'),
(1955, 35, 'E', 2, 'Normal'),
(1956, 35, 'A', 3, 'Normal'),
(1957, 35, 'B', 3, 'Normal'),
(1958, 35, 'C', 3, 'Normal'),
(1959, 35, 'D', 3, 'Normal'),
(1960, 35, 'E', 3, 'Normal'),
(1961, 35, 'A', 4, 'Normal'),
(1962, 35, 'B', 4, 'Normal'),
(1963, 35, 'C', 4, 'Normal'),
(1964, 35, 'D', 4, 'Normal'),
(1965, 35, 'E', 4, 'Normal'),
(1966, 35, 'A', 5, 'Normal'),
(1967, 35, 'B', 5, 'Normal'),
(1968, 35, 'C', 5, 'Normal'),
(1969, 35, 'D', 5, 'Normal'),
(1970, 35, 'E', 5, 'Normal'),
(1971, 35, 'A', 6, 'Normal'),
(1972, 35, 'B', 6, 'Normal'),
(1973, 35, 'C', 6, 'Normal'),
(1974, 35, 'D', 6, 'Normal'),
(1975, 35, 'E', 6, 'Normal'),
(1976, 35, 'A', 7, 'Normal'),
(1977, 35, 'B', 7, 'Normal'),
(1978, 35, 'C', 7, 'Normal'),
(1979, 35, 'D', 7, 'Normal'),
(1980, 35, 'E', 7, 'Normal'),
(2009, 36, 'E', 8, 'Discapacitado'),
(2010, 36, 'A', 1, 'Normal'),
(2011, 36, 'B', 1, 'Normal'),
(2012, 36, 'C', 1, 'Normal'),
(2013, 36, 'D', 1, 'Normal'),
(2014, 36, 'A', 2, 'Normal'),
(2015, 36, 'B', 2, 'Normal'),
(2016, 36, 'C', 2, 'Normal'),
(2017, 36, 'D', 2, 'Normal'),
(2018, 36, 'A', 3, 'Normal'),
(2019, 36, 'B', 3, 'Normal'),
(2020, 36, 'C', 3, 'Normal'),
(2021, 36, 'D', 3, 'Normal'),
(2022, 36, 'A', 4, 'Normal'),
(2023, 36, 'B', 4, 'Normal'),
(2024, 36, 'C', 4, 'Normal'),
(2025, 36, 'D', 4, 'Normal'),
(2026, 36, 'A', 5, 'Normal'),
(2027, 36, 'B', 5, 'Normal'),
(2028, 36, 'C', 5, 'Normal'),
(2029, 36, 'D', 5, 'Normal'),
(2030, 36, 'A', 6, 'Normal'),
(2031, 36, 'B', 6, 'Normal'),
(2032, 36, 'C', 6, 'Normal'),
(2033, 36, 'D', 6, 'Normal'),
(2034, 36, 'A', 7, 'Normal'),
(2035, 36, 'B', 7, 'Normal'),
(2036, 36, 'C', 7, 'Normal'),
(2037, 36, 'D', 7, 'Normal'),
(2038, 36, 'A', 8, 'Normal'),
(2039, 36, 'B', 8, 'Normal'),
(2040, 36, 'C', 8, 'Normal'),
(2041, 36, 'D', 8, 'Normal'),
(2042, 36, 'E', 1, 'Normal'),
(2043, 36, 'E', 2, 'Normal'),
(2044, 36, 'E', 3, 'Normal'),
(2045, 36, 'E', 4, 'Normal'),
(2046, 36, 'E', 5, 'Normal'),
(2073, 37, 'A', 1, 'Discapacitado'),
(2074, 37, 'D', 7, 'Discapacitado'),
(2075, 37, 'A', 2, 'Normal'),
(2076, 37, 'A', 3, 'Normal'),
(2077, 37, 'A', 4, 'Normal'),
(2078, 37, 'A', 5, 'Normal'),
(2079, 37, 'A', 6, 'Normal'),
(2080, 37, 'B', 1, 'Normal'),
(2081, 37, 'C', 1, 'Normal'),
(2082, 37, 'B', 2, 'Normal'),
(2083, 37, 'C', 2, 'Normal'),
(2084, 37, 'B', 3, 'Normal'),
(2085, 37, 'C', 3, 'Normal'),
(2086, 37, 'B', 4, 'Normal'),
(2087, 37, 'C', 4, 'Normal'),
(2088, 37, 'B', 5, 'Normal'),
(2089, 37, 'C', 5, 'Normal'),
(2090, 37, 'B', 6, 'Normal'),
(2091, 37, 'C', 6, 'Normal'),
(2092, 37, 'B', 7, 'Normal'),
(2093, 37, 'C', 7, 'Normal'),
(2094, 37, 'D', 1, 'Normal'),
(2095, 37, 'D', 2, 'Normal'),
(2096, 37, 'D', 3, 'Normal'),
(2097, 37, 'D', 4, 'Normal'),
(2098, 37, 'D', 5, 'Normal'),
(2099, 37, 'D', 6, 'Normal'),
(2106, 38, 'A', 1, 'Normal'),
(2107, 38, 'B', 1, 'Normal'),
(2108, 38, 'C', 1, 'Normal'),
(2109, 38, 'D', 1, 'Normal'),
(2110, 38, 'E', 1, 'Normal'),
(2111, 38, 'A', 2, 'Normal'),
(2112, 38, 'B', 2, 'Normal'),
(2113, 38, 'C', 2, 'Normal'),
(2114, 38, 'D', 2, 'Normal'),
(2115, 38, 'E', 2, 'Normal'),
(2116, 38, 'A', 3, 'Normal'),
(2117, 38, 'B', 3, 'Normal'),
(2118, 38, 'C', 3, 'Normal'),
(2119, 38, 'D', 3, 'Normal'),
(2120, 38, 'E', 3, 'Normal'),
(2121, 38, 'A', 4, 'Normal'),
(2122, 38, 'B', 4, 'Normal'),
(2123, 38, 'C', 4, 'Normal'),
(2124, 38, 'D', 4, 'Normal'),
(2125, 38, 'E', 4, 'Normal'),
(2126, 38, 'A', 5, 'Normal'),
(2127, 38, 'B', 5, 'Normal'),
(2128, 38, 'C', 5, 'Normal'),
(2129, 38, 'D', 5, 'Normal'),
(2130, 38, 'E', 5, 'Normal'),
(2131, 38, 'A', 6, 'Normal'),
(2132, 38, 'B', 6, 'Normal'),
(2133, 38, 'C', 6, 'Normal'),
(2134, 38, 'D', 6, 'Normal'),
(2135, 38, 'E', 6, 'Normal'),
(2136, 38, 'A', 7, 'Normal'),
(2137, 38, 'B', 7, 'Normal'),
(2138, 38, 'C', 7, 'Normal'),
(2139, 38, 'D', 7, 'Normal'),
(2140, 38, 'E', 7, 'Normal'),
(2141, 38, 'A', 8, 'Normal'),
(2142, 38, 'B', 8, 'Normal'),
(2143, 38, 'C', 8, 'Normal'),
(2169, 39, 'A', 1, 'Discapacitado'),
(2170, 39, 'A', 2, 'Normal'),
(2171, 39, 'A', 3, 'Normal'),
(2172, 39, 'A', 4, 'Normal'),
(2173, 39, 'A', 5, 'Normal'),
(2174, 39, 'A', 6, 'Normal'),
(2175, 39, 'A', 7, 'Normal'),
(2176, 39, 'A', 8, 'Normal'),
(2177, 39, 'B', 1, 'Normal'),
(2178, 39, 'C', 1, 'Normal'),
(2179, 39, 'D', 1, 'Normal'),
(2180, 39, 'E', 1, 'Normal'),
(2181, 39, 'B', 2, 'Normal'),
(2182, 39, 'C', 2, 'Normal'),
(2183, 39, 'D', 2, 'Normal'),
(2184, 39, 'E', 2, 'Normal'),
(2185, 39, 'B', 3, 'Normal'),
(2186, 39, 'C', 3, 'Normal'),
(2187, 39, 'D', 3, 'Normal'),
(2188, 39, 'E', 3, 'Normal'),
(2189, 39, 'B', 4, 'Normal'),
(2190, 39, 'C', 4, 'Normal'),
(2191, 39, 'D', 4, 'Normal'),
(2192, 39, 'E', 4, 'Normal'),
(2193, 39, 'B', 5, 'Normal'),
(2194, 39, 'C', 5, 'Normal'),
(2195, 39, 'D', 5, 'Normal'),
(2196, 39, 'E', 5, 'Normal'),
(2197, 39, 'B', 6, 'Normal'),
(2198, 39, 'C', 6, 'Normal'),
(2199, 39, 'D', 6, 'Normal'),
(2200, 39, 'E', 6, 'Normal'),
(2201, 39, 'B', 7, 'Normal'),
(2202, 39, 'C', 7, 'Normal'),
(2203, 39, 'D', 7, 'Normal'),
(2204, 39, 'E', 7, 'Normal'),
(2205, 39, 'B', 8, 'Normal'),
(2206, 39, 'C', 8, 'Normal'),
(2207, 39, 'D', 8, 'Normal'),
(2208, 39, 'E', 8, 'Normal'),
(2233, 40, 'A', 1, 'Normal'),
(2234, 40, 'B', 1, 'Normal'),
(2235, 40, 'C', 1, 'Normal'),
(2236, 40, 'D', 1, 'Normal'),
(2237, 40, 'E', 1, 'Normal'),
(2238, 40, 'F', 1, 'Normal'),
(2239, 40, 'A', 2, 'Normal'),
(2240, 40, 'B', 2, 'Normal'),
(2241, 40, 'C', 2, 'Normal'),
(2242, 40, 'D', 2, 'Normal'),
(2243, 40, 'E', 2, 'Normal'),
(2244, 40, 'F', 2, 'Normal'),
(2245, 40, 'A', 3, 'Normal'),
(2246, 40, 'B', 3, 'Normal'),
(2247, 40, 'C', 3, 'Normal'),
(2248, 40, 'D', 3, 'Normal'),
(2249, 40, 'E', 3, 'Normal'),
(2250, 40, 'F', 3, 'Normal'),
(2251, 40, 'A', 4, 'Normal'),
(2252, 40, 'B', 4, 'Normal'),
(2253, 40, 'C', 4, 'Normal'),
(2254, 40, 'D', 4, 'Normal'),
(2255, 40, 'E', 4, 'Normal'),
(2256, 40, 'F', 4, 'Normal'),
(2257, 40, 'A', 5, 'Normal'),
(2258, 40, 'B', 5, 'Normal'),
(2259, 40, 'C', 5, 'Normal'),
(2260, 40, 'D', 5, 'Normal'),
(2261, 40, 'E', 5, 'Normal'),
(2262, 40, 'F', 5, 'Normal'),
(2263, 40, 'A', 6, 'Normal'),
(2264, 40, 'B', 6, 'Normal'),
(2265, 40, 'C', 6, 'Normal'),
(2266, 40, 'D', 6, 'Normal'),
(2267, 40, 'E', 6, 'Normal'),
(2268, 40, 'F', 6, 'Normal'),
(2296, 41, 'E', 1, 'Discapacitado'),
(2297, 41, 'E', 6, 'Discapacitado'),
(2298, 41, 'A', 1, 'Normal'),
(2299, 41, 'B', 1, 'Normal'),
(2300, 41, 'C', 1, 'Normal'),
(2301, 41, 'D', 1, 'Normal'),
(2302, 41, 'A', 2, 'Normal'),
(2303, 41, 'B', 2, 'Normal'),
(2304, 41, 'C', 2, 'Normal'),
(2305, 41, 'D', 2, 'Normal'),
(2306, 41, 'A', 3, 'Normal'),
(2307, 41, 'B', 3, 'Normal'),
(2308, 41, 'C', 3, 'Normal'),
(2309, 41, 'D', 3, 'Normal'),
(2310, 41, 'A', 4, 'Normal'),
(2311, 41, 'B', 4, 'Normal'),
(2312, 41, 'C', 4, 'Normal'),
(2313, 41, 'D', 4, 'Normal'),
(2314, 41, 'A', 5, 'Normal'),
(2315, 41, 'B', 5, 'Normal'),
(2316, 41, 'C', 5, 'Normal'),
(2317, 41, 'D', 5, 'Normal'),
(2318, 41, 'A', 6, 'Normal'),
(2319, 41, 'B', 6, 'Normal'),
(2320, 41, 'C', 6, 'Normal'),
(2321, 41, 'D', 6, 'Normal'),
(2322, 41, 'E', 2, 'Normal'),
(2323, 41, 'E', 3, 'Normal'),
(2324, 41, 'E', 4, 'Normal'),
(2325, 41, 'E', 5, 'Normal');

-- --------------------------------------------------------

--
-- Estructura de tabla para la tabla `cines`
--

CREATE TABLE `cines` (
  `id_cine` int(11) NOT NULL,
  `nombre` varchar(50) NOT NULL,
  `direccion` varchar(200) DEFAULT NULL,
  `municipio` enum('Durango','Gomez Palacio','Lerdo') NOT NULL,
  `telefono` varchar(15) DEFAULT NULL
) ENGINE=InnoDB DEFAULT CHARSET=utf8mb4 COLLATE=utf8mb4_general_ci;

--
-- Volcado de datos para la tabla `cines`
--

INSERT INTO `cines` (`id_cine`, `nombre`, `direccion`, `municipio`, `telefono`) VALUES
(1, 'CinePequeño Centro', 'Av. 20 de Noviembre 506, Zona Centro', 'Durango', '6181234567'),
(2, 'CinePequeño Plaza Boulevar', 'Blvd. Francisco Villa 1200, Silvestre Dorador', 'Durango', '6181234568'),
(3, 'CinePequeño Galerías', 'Carretera Durango-Mazatlán Km 1.5, Fraccionamiento Lomas del Parque', 'Durango', '6181234569'),
(4, 'CinePequeño Gómez Centro', 'Calle Hidalgo 245, Centro', 'Gomez Palacio', '8711234567'),
(5, 'CinePequeño Plaza Mayor', 'Blvd. Miguel Alemán 1850, Santa Rosa', 'Gomez Palacio', '8711234568'),
(6, 'CinePequeño La Estrella', 'Av. Matamoros 890, Ampliación los Ángeles', 'Gomez Palacio', '8711234569'),
(7, 'CinePequeño Lerdo Plaza', 'Av. Francisco I. Madero 320, Centro', 'Lerdo', '8711567890'),
(8, 'CinePequeño Jardines', 'Calle Juárez 155, Jardines de Lerdo', 'Lerdo', '8711567891'),
(9, 'CinePequeño Revolución', 'Blvd. Revolución 678, Colonia Juárez', 'Lerdo', '8711567892');

-- --------------------------------------------------------

--
-- Estructura de tabla para la tabla `clientes`
--

CREATE TABLE `clientes` (
  `id_cliente` int(11) NOT NULL,
  `nombre` varchar(50) NOT NULL,
  `apellidos` varchar(50) NOT NULL,
  `correo` varchar(50) NOT NULL,
  `password` varchar(100) NOT NULL,
  `telefono` varchar(15) DEFAULT NULL,
  `fecha_nacimiento` date DEFAULT NULL,
  `fecha_registro` datetime DEFAULT current_timestamp()
) ENGINE=InnoDB DEFAULT CHARSET=utf8mb4 COLLATE=utf8mb4_general_ci;

--
-- Volcado de datos para la tabla `clientes`
--

INSERT INTO `clientes` (`id_cliente`, `nombre`, `apellidos`, `correo`, `password`, `telefono`, `fecha_nacimiento`, `fecha_registro`) VALUES
(1, 'Maria', 'Aguilar', 'Magu@gmail.com', '$2b$10$LGmf7T1cG2ut5o1W7Kw1s.iwspCELwZ4QhgvZGHdWh1HvF9K2auLK', '6182563856', '1998-11-22', '2025-12-14 23:30:32');

-- --------------------------------------------------------

--
-- Estructura de tabla para la tabla `descuentos`
--

CREATE TABLE `descuentos` (
  `id_descuento` int(11) NOT NULL,
  `nombre` varchar(100) NOT NULL,
  `tipo` enum('Estudiante','Adulto Mayor','Menor de edad','Promocion') DEFAULT NULL,
  `dias_aplicables` enum('Todos los dias','Miercoles','Sabado','Domingo') DEFAULT NULL,
  `fecha_inicio` date DEFAULT NULL,
  `fecha_fin` date DEFAULT NULL,
  `activo` tinyint(1) DEFAULT 1,
  `porcentaje` decimal(5,2) NOT NULL
) ENGINE=InnoDB DEFAULT CHARSET=utf8mb4 COLLATE=utf8mb4_general_ci;

--
-- Volcado de datos para la tabla `descuentos`
--

INSERT INTO `descuentos` (`id_descuento`, `nombre`, `tipo`, `dias_aplicables`, `fecha_inicio`, `fecha_fin`, `activo`, `porcentaje`) VALUES
(1, 'Estudiante', 'Estudiante', 'Todos los dias', '2024-01-01', '2025-12-31', 1, 15.00),
(2, 'Adulto Mayor', 'Adulto Mayor', 'Todos los dias', '2024-01-01', '2025-12-31', 1, 20.00),
(3, 'Miércoles de Plaza', 'Promocion', 'Miercoles', '2024-01-01', '2025-12-31', 1, 30.00);

-- --------------------------------------------------------

--
-- Estructura de tabla para la tabla `funciones`
--

CREATE TABLE `funciones` (
  `id_funcion` int(11) NOT NULL,
  `id_pelicula` int(11) NOT NULL,
  `id_sala` int(11) NOT NULL,
  `fecha` date NOT NULL,
  `hora_inicio` time NOT NULL,
  `hora_fin` time NOT NULL,
  `estado` enum('disponible','en_curso','finalizada','cancelada') DEFAULT 'disponible',
  `precio_base` decimal(10,2) NOT NULL
) ENGINE=InnoDB DEFAULT CHARSET=utf8mb4 COLLATE=utf8mb4_general_ci;

--
-- Volcado de datos para la tabla `funciones`
--

INSERT INTO `funciones` (`id_funcion`, `id_pelicula`, `id_sala`, `fecha`, `hora_inicio`, `hora_fin`, `estado`, `precio_base`) VALUES
(1, 1, 5, '2025-11-24', '13:21:00', '15:27:00', 'disponible', 75.00),
(2, 1, 1, '2025-12-17', '10:30:00', '12:36:00', 'disponible', 75.00);

-- --------------------------------------------------------

--
-- Estructura de tabla para la tabla `funciones_asientos`
--

CREATE TABLE `funciones_asientos` (
  `id_boleto` int(11) NOT NULL,
  `id_funcion` int(11) NOT NULL,
  `id_asiento` int(11) NOT NULL,
  `disponible` tinyint(1) DEFAULT 1
) ENGINE=InnoDB DEFAULT CHARSET=utf8mb4 COLLATE=utf8mb4_general_ci;

--
-- Volcado de datos para la tabla `funciones_asientos`
--

INSERT INTO `funciones_asientos` (`id_boleto`, `id_funcion`, `id_asiento`, `disponible`) VALUES
(1, 1, 262, 1),
(2, 1, 264, 1),
(3, 1, 265, 1),
(4, 1, 266, 1),
(5, 1, 267, 1),
(6, 1, 263, 1),
(7, 1, 268, 1),
(8, 1, 272, 1),
(9, 1, 276, 1),
(10, 1, 280, 1),
(11, 1, 284, 1),
(12, 1, 288, 1),
(13, 1, 269, 1),
(14, 1, 273, 1),
(15, 1, 277, 0),
(16, 1, 281, 1),
(17, 1, 285, 1),
(18, 1, 289, 1),
(19, 1, 270, 1),
(20, 1, 274, 1),
(21, 1, 278, 1),
(22, 1, 282, 1),
(23, 1, 286, 1),
(24, 1, 290, 1),
(25, 1, 271, 1),
(26, 1, 275, 1),
(27, 1, 279, 1),
(28, 1, 283, 1),
(29, 1, 287, 1),
(30, 1, 291, 1),
(31, 2, 1, 1),
(32, 2, 2, 1),
(33, 2, 3, 1),
(34, 2, 4, 1),
(35, 2, 5, 1),
(36, 2, 6, 1),
(37, 2, 7, 1),
(38, 2, 8, 1),
(39, 2, 9, 1),
(40, 2, 10, 1),
(41, 2, 11, 1),
(42, 2, 12, 1),
(43, 2, 13, 1),
(44, 2, 14, 1),
(45, 2, 15, 1),
(46, 2, 16, 1),
(47, 2, 17, 1),
(48, 2, 18, 1),
(49, 2, 19, 1),
(50, 2, 20, 0),
(51, 2, 21, 1),
(52, 2, 22, 1),
(53, 2, 23, 1),
(54, 2, 24, 1),
(55, 2, 25, 1),
(56, 2, 26, 1),
(57, 2, 27, 1),
(58, 2, 28, 1),
(59, 2, 29, 1),
(60, 2, 30, 1),
(61, 2, 31, 1),
(62, 2, 32, 1),
(63, 2, 33, 1),
(64, 2, 34, 1),
(65, 2, 35, 1),
(66, 2, 36, 1),
(67, 2, 37, 1),
(68, 2, 38, 1),
(69, 2, 39, 1),
(70, 2, 40, 1);

-- --------------------------------------------------------

--
-- Estructura de tabla para la tabla `generos`
--

CREATE TABLE `generos` (
  `id_genero` int(11) NOT NULL,
  `nombre` varchar(50) NOT NULL
) ENGINE=InnoDB DEFAULT CHARSET=utf8mb4 COLLATE=utf8mb4_general_ci;

--
-- Volcado de datos para la tabla `generos`
--

INSERT INTO `generos` (`id_genero`, `nombre`) VALUES
(1, 'Acción'),
(10, 'Animación'),
(2, 'Aventura'),
(16, 'Biografía'),
(6, 'Ciencia Ficción'),
(3, 'Comedia'),
(14, 'Crimen'),
(19, 'Deportes'),
(12, 'Documental'),
(4, 'Drama'),
(18, 'Familiar'),
(7, 'Fantasía'),
(20, 'Guerra'),
(17, 'Histórico'),
(15, 'Misterio'),
(11, 'Musical'),
(9, 'Romance'),
(8, 'Suspenso'),
(5, 'Terror'),
(13, 'Western');

-- --------------------------------------------------------

--
-- Estructura de tabla para la tabla `peliculas`
--

CREATE TABLE `peliculas` (
  `id_pelicula` int(11) NOT NULL,
  `titulo` varchar(150) NOT NULL,
  `duracion_minutos` int(11) NOT NULL,
  `clasificacion` enum('AA','A','B','B-15','C','D') NOT NULL,
  `sinopsis` text DEFAULT NULL,
  `idioma` longtext CHARACTER SET utf8mb4 COLLATE utf8mb4_bin DEFAULT NULL CHECK (json_valid(`idioma`)),
  `subtitulos` longtext CHARACTER SET utf8mb4 COLLATE utf8mb4_bin DEFAULT NULL CHECK (json_valid(`subtitulos`)),
  `fecha_estreno` date DEFAULT NULL,
  `imagen` varchar(100) DEFAULT NULL
) ENGINE=InnoDB DEFAULT CHARSET=utf8mb4 COLLATE=utf8mb4_general_ci;

--
-- Volcado de datos para la tabla `peliculas`
--

INSERT INTO `peliculas` (`id_pelicula`, `titulo`, `duracion_minutos`, `clasificacion`, `sinopsis`, `idioma`, `subtitulos`, `fecha_estreno`, `imagen`) VALUES
(1, 'Sonic', 96, 'AA', 'erizo azul velocista', '[\"Espanol\"]', '[\"Inglés\"]', '2025-11-23', '/uploads/1763839249288.webp');

-- --------------------------------------------------------

--
-- Estructura de tabla para la tabla `peliculas_generos`
--

CREATE TABLE `peliculas_generos` (
  `id_pelicula` int(11) NOT NULL,
  `id_genero` int(11) NOT NULL
) ENGINE=InnoDB DEFAULT CHARSET=utf8mb4 COLLATE=utf8mb4_general_ci;

--
-- Volcado de datos para la tabla `peliculas_generos`
--

INSERT INTO `peliculas_generos` (`id_pelicula`, `id_genero`) VALUES
(1, 10);

-- --------------------------------------------------------

--
-- Estructura de tabla para la tabla `recibos`
--

CREATE TABLE `recibos` (
  `id_recibo` int(11) NOT NULL,
  `id_cliente` int(11) NOT NULL,
  `id_funcion` int(11) NOT NULL,
  `id_descuento` int(11) DEFAULT NULL,
  `fecha_compra` datetime DEFAULT current_timestamp(),
  `subtotal` decimal(10,2) NOT NULL,
  `descuento_aplicado` decimal(10,2) DEFAULT 0.00,
  `total` decimal(10,2) NOT NULL,
  `metodo_pago` enum('efectivo','tarjeta','transferencia') NOT NULL,
  `estado` enum('pagado','pendiente','cancelado') DEFAULT 'pagado'
) ENGINE=InnoDB DEFAULT CHARSET=utf8mb4 COLLATE=utf8mb4_general_ci;

--
-- Volcado de datos para la tabla `recibos`
--

INSERT INTO `recibos` (`id_recibo`, `id_cliente`, `id_funcion`, `id_descuento`, `fecha_compra`, `subtotal`, `descuento_aplicado`, `total`, `metodo_pago`, `estado`) VALUES
(3, 1, 2, 1, '2025-12-14 23:31:29', 75.00, 11.25, 63.75, 'efectivo', 'pagado');

-- --------------------------------------------------------

--
-- Estructura de tabla para la tabla `recibos_detalles`
--

CREATE TABLE `recibos_detalles` (
  `id_detalle` int(11) NOT NULL,
  `id_recibo` int(11) NOT NULL,
  `id_asiento` int(11) NOT NULL,
  `precio_unitario` decimal(10,2) NOT NULL
) ENGINE=InnoDB DEFAULT CHARSET=utf8mb4 COLLATE=utf8mb4_general_ci;

--
-- Volcado de datos para la tabla `recibos_detalles`
--

INSERT INTO `recibos_detalles` (`id_detalle`, `id_recibo`, `id_asiento`, `precio_unitario`) VALUES
(2, 3, 20, 75.00);

-- --------------------------------------------------------

--
-- Estructura de tabla para la tabla `salas`
--

CREATE TABLE `salas` (
  `id_sala` int(11) NOT NULL,
  `id_cine` int(11) NOT NULL,
  `numero_sala` int(3) NOT NULL,
  `capacidad` int(2) NOT NULL,
  `tipo` enum('Normal','3D','Platino') DEFAULT 'Normal'
) ENGINE=InnoDB DEFAULT CHARSET=utf8mb4 COLLATE=utf8mb4_general_ci;

--
-- Volcado de datos para la tabla `salas`
--

INSERT INTO `salas` (`id_sala`, `id_cine`, `numero_sala`, `capacidad`, `tipo`) VALUES
(1, 1, 1, 40, 'Normal'),
(2, 1, 2, 36, 'Normal'),
(3, 1, 3, 42, 'Normal'),
(4, 1, 4, 45, '3D'),
(5, 1, 5, 30, 'Platino'),
(6, 2, 1, 47, 'Normal'),
(7, 2, 2, 44, 'Normal'),
(8, 2, 3, 41, 'Normal'),
(9, 2, 4, 39, 'Normal'),
(10, 2, 5, 40, '3D'),
(11, 3, 1, 35, 'Normal'),
(12, 3, 2, 36, 'Normal'),
(13, 3, 3, 34, 'Normal'),
(14, 3, 4, 25, 'Platino'),
(15, 4, 1, 33, 'Normal'),
(16, 4, 2, 35, 'Normal'),
(17, 4, 3, 37, 'Normal'),
(18, 4, 4, 40, '3D'),
(19, 4, 5, 28, 'Platino'),
(20, 5, 1, 46, 'Normal'),
(21, 5, 2, 44, 'Normal'),
(22, 5, 3, 43, 'Normal'),
(23, 5, 4, 45, 'Normal'),
(24, 5, 5, 30, '3D'),
(25, 5, 6, 50, 'Normal'),
(26, 6, 1, 30, 'Normal'),
(27, 6, 2, 33, 'Normal'),
(28, 6, 3, 29, 'Normal'),
(29, 7, 1, 36, 'Normal'),
(30, 7, 2, 38, 'Normal'),
(31, 7, 3, 39, 'Normal'),
(32, 7, 4, 40, '3D'),
(33, 7, 5, 25, 'Platino'),
(34, 8, 1, 34, 'Normal'),
(35, 8, 2, 35, 'Normal'),
(36, 8, 3, 38, 'Normal'),
(37, 8, 4, 26, 'Platino'),
(38, 9, 1, 38, 'Normal'),
(39, 9, 2, 40, 'Normal'),
(40, 9, 3, 36, 'Normal'),
(41, 9, 4, 30, '3D');

--
-- Índices para tablas volcadas
--

--
-- Indices de la tabla `asientos`
--
ALTER TABLE `asientos`
  ADD PRIMARY KEY (`id_asiento`),
  ADD UNIQUE KEY `id_sala` (`id_sala`,`fila`,`numero`);

--
-- Indices de la tabla `cines`
--
ALTER TABLE `cines`
  ADD PRIMARY KEY (`id_cine`);

--
-- Indices de la tabla `clientes`
--
ALTER TABLE `clientes`
  ADD PRIMARY KEY (`id_cliente`),
  ADD UNIQUE KEY `correo` (`correo`),
  ADD KEY `idx_clientes_correo` (`correo`);

--
-- Indices de la tabla `descuentos`
--
ALTER TABLE `descuentos`
  ADD PRIMARY KEY (`id_descuento`);

--
-- Indices de la tabla `funciones`
--
ALTER TABLE `funciones`
  ADD PRIMARY KEY (`id_funcion`),
  ADD UNIQUE KEY `unique_sala_fecha_hora` (`id_sala`,`fecha`,`hora_inicio`),
  ADD KEY `id_pelicula` (`id_pelicula`),
  ADD KEY `idx_funciones_fecha` (`fecha`,`estado`);

--
-- Indices de la tabla `funciones_asientos`
--
ALTER TABLE `funciones_asientos`
  ADD PRIMARY KEY (`id_boleto`),
  ADD UNIQUE KEY `id_funcion` (`id_funcion`,`id_asiento`),
  ADD KEY `id_asiento` (`id_asiento`);

--
-- Indices de la tabla `generos`
--
ALTER TABLE `generos`
  ADD PRIMARY KEY (`id_genero`),
  ADD UNIQUE KEY `nombre` (`nombre`);

--
-- Indices de la tabla `peliculas`
--
ALTER TABLE `peliculas`
  ADD PRIMARY KEY (`id_pelicula`);

--
-- Indices de la tabla `peliculas_generos`
--
ALTER TABLE `peliculas_generos`
  ADD PRIMARY KEY (`id_pelicula`,`id_genero`),
  ADD KEY `id_genero` (`id_genero`);

--
-- Indices de la tabla `recibos`
--
ALTER TABLE `recibos`
  ADD PRIMARY KEY (`id_recibo`),
  ADD KEY `id_funcion` (`id_funcion`),
  ADD KEY `id_descuento` (`id_descuento`),
  ADD KEY `idx_recibos_cliente` (`id_cliente`,`fecha_compra`);

--
-- Indices de la tabla `recibos_detalles`
--
ALTER TABLE `recibos_detalles`
  ADD PRIMARY KEY (`id_detalle`),
  ADD UNIQUE KEY `id_recibo` (`id_recibo`,`id_asiento`),
  ADD KEY `id_asiento` (`id_asiento`);

--
-- Indices de la tabla `salas`
--
ALTER TABLE `salas`
  ADD PRIMARY KEY (`id_sala`),
  ADD KEY `id_cine` (`id_cine`);

--
-- AUTO_INCREMENT de las tablas volcadas
--

--
-- AUTO_INCREMENT de la tabla `asientos`
--
ALTER TABLE `asientos`
  MODIFY `id_asiento` int(11) NOT NULL AUTO_INCREMENT, AUTO_INCREMENT=2326;

--
-- AUTO_INCREMENT de la tabla `cines`
--
ALTER TABLE `cines`
  MODIFY `id_cine` int(11) NOT NULL AUTO_INCREMENT, AUTO_INCREMENT=10;

--
-- AUTO_INCREMENT de la tabla `clientes`
--
ALTER TABLE `clientes`
  MODIFY `id_cliente` int(11) NOT NULL AUTO_INCREMENT, AUTO_INCREMENT=2;

--
-- AUTO_INCREMENT de la tabla `descuentos`
--
ALTER TABLE `descuentos`
  MODIFY `id_descuento` int(11) NOT NULL AUTO_INCREMENT, AUTO_INCREMENT=4;

--
-- AUTO_INCREMENT de la tabla `funciones`
--
ALTER TABLE `funciones`
  MODIFY `id_funcion` int(11) NOT NULL AUTO_INCREMENT, AUTO_INCREMENT=3;

--
-- AUTO_INCREMENT de la tabla `funciones_asientos`
--
ALTER TABLE `funciones_asientos`
  MODIFY `id_boleto` int(11) NOT NULL AUTO_INCREMENT, AUTO_INCREMENT=94;

--
-- AUTO_INCREMENT de la tabla `generos`
--
ALTER TABLE `generos`
  MODIFY `id_genero` int(11) NOT NULL AUTO_INCREMENT, AUTO_INCREMENT=21;

--
-- AUTO_INCREMENT de la tabla `peliculas`
--
ALTER TABLE `peliculas`
  MODIFY `id_pelicula` int(11) NOT NULL AUTO_INCREMENT, AUTO_INCREMENT=2;

--
-- AUTO_INCREMENT de la tabla `recibos`
--
ALTER TABLE `recibos`
  MODIFY `id_recibo` int(11) NOT NULL AUTO_INCREMENT, AUTO_INCREMENT=4;

--
-- AUTO_INCREMENT de la tabla `recibos_detalles`
--
ALTER TABLE `recibos_detalles`
  MODIFY `id_detalle` int(11) NOT NULL AUTO_INCREMENT, AUTO_INCREMENT=3;

--
-- AUTO_INCREMENT de la tabla `salas`
--
ALTER TABLE `salas`
  MODIFY `id_sala` int(11) NOT NULL AUTO_INCREMENT, AUTO_INCREMENT=42;

--
-- Restricciones para tablas volcadas
--

--
-- Filtros para la tabla `asientos`
--
ALTER TABLE `asientos`
  ADD CONSTRAINT `asientos_ibfk_1` FOREIGN KEY (`id_sala`) REFERENCES `salas` (`id_sala`);

--
-- Filtros para la tabla `funciones`
--
ALTER TABLE `funciones`
  ADD CONSTRAINT `funciones_ibfk_1` FOREIGN KEY (`id_pelicula`) REFERENCES `peliculas` (`id_pelicula`),
  ADD CONSTRAINT `funciones_ibfk_2` FOREIGN KEY (`id_sala`) REFERENCES `salas` (`id_sala`);

--
-- Filtros para la tabla `funciones_asientos`
--
ALTER TABLE `funciones_asientos`
  ADD CONSTRAINT `funciones_asientos_ibfk_1` FOREIGN KEY (`id_funcion`) REFERENCES `funciones` (`id_funcion`),
  ADD CONSTRAINT `funciones_asientos_ibfk_2` FOREIGN KEY (`id_asiento`) REFERENCES `asientos` (`id_asiento`);

--
-- Filtros para la tabla `peliculas_generos`
--
ALTER TABLE `peliculas_generos`
  ADD CONSTRAINT `peliculas_generos_ibfk_1` FOREIGN KEY (`id_pelicula`) REFERENCES `peliculas` (`id_pelicula`) ON DELETE CASCADE,
  ADD CONSTRAINT `peliculas_generos_ibfk_2` FOREIGN KEY (`id_genero`) REFERENCES `generos` (`id_genero`) ON DELETE CASCADE;

--
-- Filtros para la tabla `recibos`
--
ALTER TABLE `recibos`
  ADD CONSTRAINT `recibos_ibfk_1` FOREIGN KEY (`id_cliente`) REFERENCES `clientes` (`id_cliente`),
  ADD CONSTRAINT `recibos_ibfk_2` FOREIGN KEY (`id_funcion`) REFERENCES `funciones` (`id_funcion`),
  ADD CONSTRAINT `recibos_ibfk_3` FOREIGN KEY (`id_descuento`) REFERENCES `descuentos` (`id_descuento`);

--
-- Filtros para la tabla `recibos_detalles`
--
ALTER TABLE `recibos_detalles`
  ADD CONSTRAINT `recibos_detalles_ibfk_1` FOREIGN KEY (`id_recibo`) REFERENCES `recibos` (`id_recibo`) ON DELETE CASCADE,
  ADD CONSTRAINT `recibos_detalles_ibfk_2` FOREIGN KEY (`id_asiento`) REFERENCES `asientos` (`id_asiento`);

--
-- Filtros para la tabla `salas`
--
ALTER TABLE `salas`
  ADD CONSTRAINT `salas_ibfk_1` FOREIGN KEY (`id_cine`) REFERENCES `cines` (`id_cine`);
COMMIT;

/*!40101 SET CHARACTER_SET_CLIENT=@OLD_CHARACTER_SET_CLIENT */;
/*!40101 SET CHARACTER_SET_RESULTS=@OLD_CHARACTER_SET_RESULTS */;
/*!40101 SET COLLATION_CONNECTION=@OLD_COLLATION_CONNECTION */;
